-- phpMyAdmin SQL Dump
-- version 5.2.1
-- https://www.phpmyadmin.net/
--
-- Host: mysql_mshopdb_db
-- Generation Time: Mar 25, 2025 at 08:01 AM
-- Server version: 8.3.0
-- PHP Version: 8.2.8

SET SQL_MODE = "NO_AUTO_VALUE_ON_ZERO";
START TRANSACTION;
SET time_zone = "+00:00";


/*!40101 SET @OLD_CHARACTER_SET_CLIENT=@@CHARACTER_SET_CLIENT */;
/*!40101 SET @OLD_CHARACTER_SET_RESULTS=@@CHARACTER_SET_RESULTS */;
/*!40101 SET @OLD_COLLATION_CONNECTION=@@COLLATION_CONNECTION */;
/*!40101 SET NAMES utf8mb4 */;

--
-- Database: `ecommerce`
--

-- --------------------------------------------------------

--
-- Table structure for table `brand`
--

CREATE TABLE `brand` (
  `id` int NOT NULL,
  `userid` int NOT NULL,
  `name` varchar(255) COLLATE utf8mb4_general_ci NOT NULL,
  `description` varchar(500) COLLATE utf8mb4_general_ci DEFAULT NULL,
  `status` varchar(30) COLLATE utf8mb4_general_ci NOT NULL,
  `created_at` datetime NOT NULL DEFAULT CURRENT_TIMESTAMP
) ENGINE=InnoDB DEFAULT CHARSET=utf8mb4 COLLATE=utf8mb4_general_ci;

--
-- Dumping data for table `brand`
--

INSERT INTO `brand` (`id`, `userid`, `name`, `description`, `status`, `created_at`) VALUES
(1, 1, 'Apple', 'For all apple products smart phones, airpods, macbook and series watch', 'Active', '2025-02-25 03:13:36'),
(2, 1, 'Tesla', 'Tesla brand for tesla vehicles', 'Active', '2025-02-27 13:42:20'),
(3, 1, 'Samsung', 'Samsung brand for all samsung devices', 'Active', '2025-02-27 13:42:33'),
(4, 1, 'Toyota', 'Toyota brand for cars', 'Inactive', '2025-02-27 13:42:45'),
(5, 1, 'Sony', 'Sony brand for all sony devices', 'Active', '2025-02-27 13:42:58'),
(6, 1, 'HP', 'HP brand for personal computers', 'Active', '2025-02-27 13:43:20'),
(7, 1, 'Nike', 'Nike brand for clothes, sneakers and sport shoes', 'Active', '2025-02-27 13:43:31'),
(8, 1, 'Converse', 'Converse brand for shoes and clothes', 'Active', '2025-02-27 13:43:48'),
(9, 1, 'Akai', 'Akai a brand known for electronics', 'Active', '2025-03-02 17:28:10');

-- --------------------------------------------------------

--
-- Table structure for table `category`
--

CREATE TABLE `category` (
  `id` int NOT NULL,
  `userid` int NOT NULL,
  `name` varchar(255) COLLATE utf8mb4_general_ci NOT NULL,
  `description` varchar(500) COLLATE utf8mb4_general_ci DEFAULT NULL,
  `status` varchar(30) COLLATE utf8mb4_general_ci NOT NULL,
  `created_at` datetime NOT NULL DEFAULT CURRENT_TIMESTAMP
) ENGINE=InnoDB DEFAULT CHARSET=utf8mb4 COLLATE=utf8mb4_general_ci;

--
-- Dumping data for table `category`
--

INSERT INTO `category` (`id`, `userid`, `name`, `description`, `status`, `created_at`) VALUES
(1, 1, 'Electronics', 'This is for all electronic products', 'Active', '2025-02-24 23:39:09'),
(2, 1, 'Furniture', 'All furnitures', 'Active', '2025-02-25 00:57:49'),
(3, 1, 'Phones', 'Category for all mobile phones', 'Active', '2025-02-27 13:37:54'),
(4, 1, 'Vehicles', 'Category for all vehicles', 'Active', '2025-02-27 13:38:18'),
(5, 1, 'Shoes', 'Category for all shoes', 'Active', '2025-02-27 13:38:33'),
(6, 1, 'Gaming', 'Category for all gaming', 'Active', '2025-02-27 13:38:51'),
(7, 1, 'Home Appliances', 'Category for all home appliances', 'Active', '2025-02-27 13:39:22'),
(8, 1, 'Music Gadgets', 'Category for all music gadgets', 'Active', '2025-02-27 13:39:47'),
(9, 1, 'Clothing', 'Category for all clothings', 'Active', '2025-02-27 13:40:38'),
(10, 1, 'Kitchen Appliances', 'All kitchen appliances including cooking wares etc', 'Inactive', '2025-03-02 23:54:54');

-- --------------------------------------------------------

--
-- Table structure for table `orders`
--

CREATE TABLE `orders` (
  `id` int NOT NULL,
  `orderid` int NOT NULL,
  `userid` int NOT NULL,
  `trans_date` date DEFAULT NULL,
  `addressid` int NOT NULL,
  `total_amount` double NOT NULL,
  `status` varchar(255) COLLATE utf8mb4_general_ci NOT NULL
) ENGINE=InnoDB DEFAULT CHARSET=utf8mb4 COLLATE=utf8mb4_general_ci;

--
-- Dumping data for table `orders`
--

INSERT INTO `orders` (`id`, `orderid`, `userid`, `trans_date`, `addressid`, `total_amount`, `status`) VALUES
(1, 2696156, 1, '2025-03-22', 3, 192800, 'Pending');

-- --------------------------------------------------------

--
-- Table structure for table `order_items`
--

CREATE TABLE `order_items` (
  `id` int NOT NULL,
  `orderid` int NOT NULL,
  `productid` int NOT NULL,
  `quantity` double NOT NULL,
  `price` double NOT NULL,
  `total` double NOT NULL,
  `userid` int NOT NULL COMMENT 'owner of the product',
  `orderby` int NOT NULL COMMENT 'client who placed order',
  `trans_date` date NOT NULL
) ENGINE=InnoDB DEFAULT CHARSET=utf8mb4 COLLATE=utf8mb4_general_ci;

--
-- Dumping data for table `order_items`
--

INSERT INTO `order_items` (`id`, `orderid`, `productid`, `quantity`, `price`, `total`, `userid`, `orderby`, `trans_date`) VALUES
(1, 2696156, 2, 4, 700, 2800, 1, 1, '2025-03-22'),
(2, 2696156, 3, 1, 190000, 190000, 1, 1, '2025-03-22');

-- --------------------------------------------------------

--
-- Table structure for table `products`
--

CREATE TABLE `products` (
  `id` int NOT NULL,
  `userid` int NOT NULL,
  `category` int NOT NULL,
  `brand` int NOT NULL,
  `name` varchar(255) COLLATE utf8mb4_general_ci NOT NULL,
  `description` text COLLATE utf8mb4_general_ci,
  `specification` mediumtext COLLATE utf8mb4_general_ci NOT NULL,
  `price` double NOT NULL,
  `sku` varchar(30) COLLATE utf8mb4_general_ci NOT NULL,
  `status` varchar(30) COLLATE utf8mb4_general_ci NOT NULL
) ENGINE=InnoDB DEFAULT CHARSET=utf8mb4 COLLATE=utf8mb4_general_ci;

--
-- Dumping data for table `products`
--

INSERT INTO `products` (`id`, `userid`, `category`, `brand`, `name`, `description`, `specification`, `price`, `sku`, `status`) VALUES
(2, 1, 1, 1, 'Apple Airpods', 'It\'s helpful to specify which AirPods model you\'re interested in, as specifications vary. However, I can provide you with general information and point you to official Apple resources.', '<p>Here are detailed specifications for **Apple AirPods** (based on the latest models available as of October 2023, including AirPods 2nd Gen, AirPods 3rd Gen, and AirPods Pro 2nd Gen):</p>\r\n<p>### **Apple AirPods (2nd Generation)**</p>\r\n<p>- **Dimensions**:&nbsp;</p>\r\n<p>&nbsp;&nbsp;- AirPods: 1.59 x 0.65 x 0.71 inches (40.5 x 16.5 x 18.0 mm)</p>\r\n<p>&nbsp;&nbsp;- Charging Case: 2.11 x 1.74 x 0.84 inches (53.5 x 44.3 x 21.3 mm)</p>\r\n<p>- **Weight**:</p>\r\n<p>&nbsp;&nbsp;- AirPods: 0.14 oz (4 g) each</p>\r\n<p>&nbsp;&nbsp;- Charging Case: 1.34 oz (38 g)</p>\r\n<p>- **Chip**: Apple H1 Headphone Chip</p>\r\n<p>- **Connectivity**: Bluetooth 5.0</p>\r\n<p>- **Battery Life**:</p>\r\n<p>&nbsp;&nbsp;- Up to 5 hours of listening time (on a single charge)</p>\r\n<p>&nbsp;&nbsp;- Up to 3 hours of talk time (on a single charge)</p>\r\n<p>&nbsp;&nbsp;- Over 24 hours of total listening time with the charging case</p>\r\n<p>- **Charging**:</p>\r\n<p>&nbsp;&nbsp;- Wireless Charging Case (optional)</p>\r\n<p>&nbsp;&nbsp;- Lightning connector for wired charging</p>\r\n<p>- **Audio Features**:</p>\r\n<p>&nbsp;&nbsp;- Dual beamforming microphones</p>\r\n<p>&nbsp;&nbsp;- Dual optical sensors</p>\r\n<p>&nbsp;&nbsp;- Accelerometer for motion detection</p>\r\n<p>&nbsp;&nbsp;- Voice detection with accelerometer</p>\r\n<p>- **Controls**: Double-tap to play, skip, or answer calls</p>\r\n<p>- **Compatibility**: Works with iPhone, iPad, Apple Watch, Mac, and Apple TV</p>\r\n<p>- **Water Resistance**: No official IP rating (sweat and water-resistant, but not waterproof)</p>\r\n<p>- **Colors**: White</p>\r\n<p></p>\r\n<p>---</p>\r\n<p></p>\r\n<p>### **Apple AirPods (3rd Generation)**</p>\r\n<p>- **Dimensions**:</p>\r\n<p>&nbsp;&nbsp;- AirPods: 1.21 x 0.76 x 0.72 inches (30.79 x 18.26 x 19.21 mm)</p>\r\n<p>&nbsp;&nbsp;- Charging Case: 1.83 x 2.14 x 0.84 inches (46.40 x 54.40 x 21.38 mm)</p>\r\n<p>- **Weight**:</p>\r\n<p>&nbsp;&nbsp;- AirPods: 0.15 oz (4.28 g) each</p>\r\n<p>&nbsp;&nbsp;- Charging Case: 1.34 oz (37.91 g)</p>\r\n<p>- **Chip**: Apple H1 Headphone Chip</p>\r\n<p>- **Connectivity**: Bluetooth 5.0</p>\r\n<p>- **Battery Life**:</p>\r\n<p>&nbsp;&nbsp;- Up to 6 hours of listening time (on a single charge)</p>\r\n<p>&nbsp;&nbsp;- Up to 4 hours of talk time (on a single charge)</p>\r\n<p>&nbsp;&nbsp;- Up to 30 hours of total listening time with the charging case</p>\r\n<p>- **Charging**:</p>\r\n<p>&nbsp;&nbsp;- MagSafe Charging Case (supports wireless charging)</p>\r\n<p>&nbsp;&nbsp;- Lightning connector for wired charging</p>\r\n<p>- **Audio Features**:</p>\r\n<p>&nbsp;&nbsp;- Adaptive EQ</p>\r\n<p>&nbsp;&nbsp;- Spatial Audio with dynamic head tracking</p>\r\n<p>&nbsp;&nbsp;- Sweat and water-resistant (IPX4 rating)</p>\r\n<p>&nbsp;&nbsp;- Force sensor controls for media playback and calls</p>\r\n<p>- **Controls**: Press force sensor to play, pause, skip, or answer calls</p>\r\n<p>- **Compatibility**: Works with iPhone, iPad, Apple Watch, Mac, and Apple TV</p>\r\n<p>- **Colors**: White</p>\r\n<p></p>\r\n<p>---</p>\r\n<p></p>\r\n<p>### **Apple AirPods Pro (2nd Generation)**</p>\r\n<p>- **Dimensions**:</p>\r\n<p>&nbsp;&nbsp;- AirPods: 1.22 x 0.86 x 0.94 inches (30.9 x 21.8 x 24.0 mm)</p>\r\n<p>&nbsp;&nbsp;- Charging Case: 1.78 x 2.39 x 0.85 inches (45.2 x 60.6 x 21.7 mm)</p>\r\n<p>- **Weight**:</p>\r\n<p>&nbsp;&nbsp;- AirPods: 0.19 oz (5.3 g) each</p>\r\n<p>&nbsp;&nbsp;- Charging Case: 1.79 oz (50.8 g)</p>\r\n<p>- **Chip**: Apple H2 Headphone Chip</p>\r\n<p>- **Connectivity**: Bluetooth 5.3</p>\r\n<p>- **Battery Life**:</p>\r\n<p>&nbsp;&nbsp;- Up to 6 hours of listening time (on a single charge with Active Noise Cancellation enabled)</p>\r\n<p>&nbsp;&nbsp;- Up to 4.5 hours of talk time (on a single charge)</p>\r\n<p>&nbsp;&nbsp;- Up to 30 hours of total listening time with the charging case</p>\r\n<p>- **Charging**:</p>\r\n<p>&nbsp;&nbsp;- MagSafe Charging Case (supports wireless charging)</p>\r\n<p>&nbsp;&nbsp;- USB-C connector for wired charging</p>\r\n<p>&nbsp;&nbsp;- Precision Finding with U1 chip for locating the case</p>\r\n<p>- **Audio Features**:</p>\r\n<p>&nbsp;&nbsp;- Active Noise Cancellation (ANC) and Transparency mode</p>\r\n<p>&nbsp;&nbsp;- Adaptive Audio (dynamic blending of ANC and Transparency)</p>\r\n<p>&nbsp;&nbsp;- Personalized Spatial Audio with dynamic head tracking</p>\r\n<p>&nbsp;&nbsp;- Adaptive EQ</p>\r\n<p>&nbsp;&nbsp;- Sweat and water-resistant (IPX4 rating)</p>\r\n<p>- **Controls**: Force sensor for media playback, calls, and switching between ANC/Transparency modes</p>\r\n<p>- **Compatibility**: Works with iPhone, iPad, Apple Watch, Mac, and Apple TV</p>\r\n<p>- **Colors**: White</p>\r\n<p></p>\r\n<p>---</p>\r\n<p></p>\r\n<p>### **Additional Features (Across All Models)**:</p>\r\n<p>- **Find My Support**: Locate lost AirPods using the Find My app.</p>\r\n<p>- **Automatic Switching**: Seamlessly switch between Apple devices signed in to the same iCloud account.</p>\r\n<p>- **Siri Integration**: Hands-free \"Hey Siri\" support.</p>\r\n<p>- **Customizable Fit**: AirPods Pro come with silicone ear tips in multiple sizes for a secure fit.</p>\r\n<p></p>\r\n<p>---</p>\r\n<p></p>\r\n<p>These specifications are based on the latest models available as of October 2023. Let me know if you\'d like more details!</p>\r\n', 700, '10001', 'Active'),
(3, 1, 4, 4, 'Toyota Camry 2024', 'The 2024 Toyota Camry remains a practical and dependable choice for those seeking a comfortable and efficient midsize sedan. However, potential buyers should be aware of the upcoming 2025 redesign.', '<p>Here are the detailed specifications for the <strong>2024 Toyota Camry</strong>, covering its engine options, dimensions, performance, safety features, and technology.</p>\r\n<h3><strong>Engine &amp; Performance</strong></h3>\r\n<ul>\r\n<li><strong>Base Engine</strong>: 2.5L 4-cylinder, producing <strong>202-203 hp</strong> and <strong>184-186 lb-ft torque</strong>.</li>\r\n<li><strong>V6 Engine (TRD, XSE, XLE trims)</strong>: 3.5L V6, delivering <strong>301 hp</strong> and <strong>267 lb-ft torque</strong>.</li>\r\n<li><strong>Transmission</strong>: 8-speed automatic.</li>\r\n<li><strong>Drivetrain Options</strong>: Front-Wheel Drive (FWD) or All-Wheel Drive (AWD).</li>\r\n<li><strong>Fuel Efficiency</strong>:</li>\r\n<ul>\r\n<li>4-cylinder models: <strong>28 MPG city / 39 MPG highway (FWD)</strong>, <strong>25 MPG city / 34 MPG highway (AWD)</strong>.</li>\r\n<li>V6 models: <strong>22 MPG city / 31 MPG highway</strong>.</li>\r\n</ul>\r\n</ul>\r\n<h3><strong>Dimensions</strong></h3>\r\n<ul>\r\n<li><strong>Overall Length</strong>: 192.1 inches.</li>\r\n<li><strong>Width</strong>: 72 inches.</li>\r\n<li><strong>Height</strong>: 57.1 inches.</li>\r\n<li><strong>Wheelbase</strong>: 111 inches.</li>\r\n<li><strong>Ground Clearance</strong>: 6 inches.</li>\r\n<li><strong>Curb Weight</strong>: 3,310 - 3,590 lbs (varies by trim &amp; drivetrain).</li>\r\n</ul>\r\n<h3><strong>Interior &amp; Cargo</strong></h3>\r\n<ul>\r\n<li><strong>Seating Capacity</strong>: 5 passengers.</li>\r\n<li><strong>Passenger Volume</strong>: 100 cubic feet.</li>\r\n<li><strong>Cargo (Trunk) Volume</strong>: 15 cubic feet.</li>\r\n<li><strong>Available Features</strong>: Heated &amp; ventilated front seats, dual-zone climate control, leather upholstery (higher trims), power-adjustable seats.</li>\r\n</ul>\r\n<h3><strong>Safety &amp; Driver Assistance</strong></h3>\r\n<ul>\r\n<li><strong>Standard Toyota Safety Sense 2.5+</strong>, including:</li>\r\n<ul>\r\n<li>Lane Departure Warning with Steering Assist</li>\r\n<li>Pre-Collision System with Pedestrian Detection</li>\r\n<li>Adaptive Cruise Control</li>\r\n<li>Blind Spot Monitoring (optional on lower trims, standard on higher ones)</li>\r\n<li>Rear Cross-Traffic Alert</li>\r\n<li>Automatic Emergency Braking</li>\r\n<li>Backup Camera</li>\r\n</ul>\r\n</ul>\r\n<h3><strong>Technology &amp; Infotainment</strong></h3>\r\n<ul>\r\n<li><strong>Standard</strong>: 7-inch or 9-inch touchscreen with Apple CarPlay &amp; Android Auto.</li>\r\n<li><strong>Available</strong>: Wireless charging, premium JBL sound system, head-up display, Wi-Fi hotspot.</li>\r\n<li><strong>Navigation System</strong>: Standard on higher trims.</li>\r\n</ul>\r\n<h3><strong>Trim Levels &amp; Pricing</strong></h3>\r\n<ul>\r\n<li><strong>Base LE</strong>: $26,420 (FWD), $27,820 (AWD)</li>\r\n<li><strong>SE</strong>: $27,960 (FWD), $29,360 (AWD)</li>\r\n<li><strong>XLE</strong>: $31,170 (FWD), $32,570 (AWD)</li>\r\n<li><strong>XSE</strong>: $31,720 (FWD), $33,120 (AWD)</li>\r\n<li><strong>TRD V6</strong>: $33,485 (FWD only)</li>\r\n<li><strong>XLE V6</strong>: $36,295 (FWD only)</li>\r\n<li><strong>XSE V6</strong>: $36,845 (FWD only)</li>\r\n</ul>\r\n<p>Would you like more details on a specific trim? Let me know!<br><br>(Sources: <a href=\"https://www.kbb.com/\" target=\"_self\">Kelley Blue Book</a> (<a href=\"https://www.kbb.com/toyota/camry/2024/specs/\" target=\"_self\">2024 Toyota Camry Specs &amp; Feature Comparisons | Kelley Blue Book</a>), <a href=\"https://www.cars.com/\" target=\"_self\">Cars.com</a> (<a href=\"https://www.cars.com/research/toyota-camry-2024/specs/440181/\" target=\"_self\">2024 Toyota Camry Specs, Dimensions &amp; Colors | Cars.com</a>) (<a href=\"https://www.cars.com/research/toyota-camry-2024/trims/\" target=\"_self\">2024 Toyota Camry Trim Levels &amp; Configurations | Cars.com</a>))</p>\r\n', 190000, '10002', 'Active'),
(4, 1, 5, 8, 'Chelsea Boots', 'Chelsea boots are close-fitting, ankle-high boots with elastic side panels, typically made of leather, and featuring a rounded toe with a low heel. Their defining characteristic is the elastic gusset, which allows for easy on and off without laces or zippers, while providing a snug and comfortable fit. They often incorporate a pull tab at the back for added convenience and a durable sole, making them versatile for both casual and semi-formal wear.', '<h3><strong>Complete Specifications for Chelsea Boots</strong></h3>\r\n<h4><strong>1. Design &amp; Features</strong></h4>\r\n<ul>\r\n<li><strong>Elastic Side Panels</strong>: These allow easy slip-on wear without laces or buckles.</li>\r\n<li><strong>Ankle Height</strong>: Typically reaches just above the ankle, providing a snug fit.</li>\r\n<li><strong>Toe Shape</strong>: Usually rounded or slightly pointed for a sleek silhouette.</li>\r\n<li><strong>Pull Tab</strong>: A loop at the back to help in slipping the boots on.</li>\r\n<li><strong>Low Heel</strong>: Standard Chelsea boots have a small stacked heel for stability and elegance. Some styles include higher heels for a more sophisticated look.</li>\r\n<li><strong>Sole Type</strong>: Generally thin and sleek for a formal appearance, but some versions have chunky soles for a modern, rugged style.</li>\r\n</ul>\r\n<h4><strong>2. Materials Used</strong></h4>\r\n<ul>\r\n<li><strong>Leather</strong>: Full-grain and top-grain leather for durability, water resistance, and a polished look.</li>\r\n<li><strong>Suede</strong>: Soft, textured material that gives a more casual aesthetic. Requires extra care.</li>\r\n<li><strong>Synthetic Leather</strong>: Vegan-friendly options mimic the look of real leather.</li>\r\n<li><strong>Rubber Outsole</strong>: Provides grip and durability for all-weather conditions (<a href=\"https://nicksboots.com/blog/post/chelsea-work-boots/\" target=\"_self\">A Comprehensive Guide To Chelsea Boots</a>) (<a href=\"https://bestwalkingfeet.com/what-is-chelsea-boot/\" target=\"_self\">What is a Chelsea Boot? - Best Walking Feet</a>).</li>\r\n</ul>\r\n<h4><strong>3. Styles &amp; Variations</strong></h4>\r\n<ul>\r\n<li><strong>Classic Leather Chelsea Boots</strong>: Suitable for formal and casual wear.</li>\r\n<li><strong>Suede Chelsea Boots</strong>: Lighter and more relaxed, ideal for casual outfits.</li>\r\n<li><strong>Chunky Chelsea Boots</strong>: Features a thick sole for a rugged and contemporary style.</li>\r\n<li><strong>Patent Leather Chelsea Boots</strong>: High-shine boots ideal for dressy occasions.</li>\r\n<li><strong>Winter Chelsea Boots</strong>: Equipped with insulation, waterproofing, and slip-resistant soles (<a href=\"https://bestwalkingfeet.com/what-is-chelsea-boot/\" target=\"_self\">What is a Chelsea Boot? - Best Walking Feet</a>).</li>\r\n</ul>\r\n<h4><strong>4. Comfort &amp; Fit</strong></h4>\r\n<ul>\r\n<li>Chelsea boots provide a snug but comfortable fit due to the elastic side panels.</li>\r\n<li>The low heel makes them suitable for all-day wear.</li>\r\n<li>Some models offer cushioned insoles for added comfort.</li>\r\n<li>Available in narrow, standard, and wide fits to accommodate different foot shapes (<a href=\"https://stylewhirl.com/what-is-a-chelsea-boots/\" target=\"_self\">What is a Chelsea Boot? The Ultimate Guide to This Stylish Footwear - StyleWhirl</a>).</li>\r\n</ul>\r\n<h4><strong>5. Styling &amp; Versatility</strong></h4>\r\n<ul>\r\n<li><strong>Casual Look</strong>: Pair with jeans and a t-shirt for a laid-back style.</li>\r\n<li><strong>Smart Casual</strong>: Works well with chinos or tailored trousers and a blazer.</li>\r\n<li><strong>Formal Wear</strong>: Leather Chelsea boots can complement suits for a polished appearance.</li>\r\n<li><strong>Seasonal Styling</strong>: Suitable for autumn and winter, with some waterproof versions available for wet conditions (<a href=\"https://bespokeunit.com/wp-content/uploads/2017/06/What-Is-A-Chelsea-Boot-Bespoke-Unit.pdf\" target=\"_self\">What Is A Chelsea Boot copy</a>).</li>\r\n</ul>\r\n<h4><strong>6. Popular Brands</strong></h4>\r\n<ul>\r\n<li><strong>Dr. Martens</strong> – Known for rugged, durable Chelsea boots.</li>\r\n<li><strong>Clarks</strong> – Classic and comfortable everyday wear.</li>\r\n<li><strong>Frye</strong> – High-end craftsmanship and premium materials.</li>\r\n<li><strong>Timberland</strong> – Offers waterproof and work-friendly variations (<a href=\"https://stylewhirl.com/what-is-a-chelsea-boots/\" target=\"_self\">What is a Chelsea Boot? The Ultimate Guide to This Stylish Footwear - StyleWhirl</a>).</li>\r\n</ul>\r\n<h4><strong>7. Care &amp; Maintenance</strong></h4>\r\n<ul>\r\n<li><strong>Leather Boots</strong>: Clean and condition regularly with leather polish.</li>\r\n<li><strong>Suede Boots</strong>: Use a suede brush and protective spray to maintain texture.</li>\r\n<li><strong>Waterproofing</strong>: Apply protective sprays to extend the boots\' lifespan (<a href=\"https://bestwalkingfeet.com/what-is-chelsea-boot/\" target=\"_self\">What is a Chelsea Boot? - Best Walking Feet</a>).</li>\r\n</ul>\r\n<p>Chelsea boots remain one of the most versatile and stylish footwear choices, combining practicality with elegance. Whether you prefer classic leather, casual suede, or modern chunky designs, they are a timeless investment.</p>\r\n', 190, '10003', 'Inactive'),
(5, 1, 5, 8, 'Converse Sneekers', 'Converse shoes, particularly the iconic Chuck Taylor All Stars, are low or high-top canvas sneakers featuring a rubber sole and toe cap, a distinctive star logo, and lace-up closure. 1  They are known for their simple, classic design, durable construction, and versatile style, suitable for casual wear and various subcultures. Typically made with a canvas upper and a vulcanized rubber sole, they offer minimal arch support and a flexible, comfortable fit, though variations in materials and designs exist for different models and collaborations.', '<h3><strong>Full Specifications of Converse Shoes (2024)</strong></h3>\r\n<h4><strong>1. Materials &amp; Construction</strong></h4>\r\n<ul>\r\n<li><strong>Upper</strong>: Primarily canvas (lightweight, breathable, and durable), though some models feature leather or suede.</li>\r\n<li><strong>Sole</strong>: Thick rubber for durability and grip, with some models offering slimmer soles or additional padding.</li>\r\n<li><strong>Toe Cap</strong>: Rubber for extra protection, sometimes made of leather for premium designs.</li>\r\n<li><strong>Lining</strong>: Canvas or synthetic for breathability.</li>\r\n<li><strong>Insole</strong>: Basic cushioned insole for comfort, with premium models featuring memory foam or cork footbeds.</li>\r\n<li><strong>Stitching</strong>: Durable stitching with reinforced seams for longevity.</li>\r\n</ul>\r\n<h4><strong>2. Types of Converse Shoes</strong></h4>\r\n<ul>\r\n<li><strong>Chuck Taylor All Star</strong> (Classic high-top and low-top)</li>\r\n<li><strong>Chuck 70</strong> (Premium version with thicker canvas and enhanced cushioning)</li>\r\n<li><strong>One Star</strong> (Skate-inspired with suede or leather options)</li>\r\n<li><strong>Jack Purcell</strong> (Higher-end, featuring a thicker sole and better arch support)</li>\r\n<li><strong>CONS</strong> (Skateboarding line with added traction, memory foam liner, and padded tongue)</li>\r\n<li><strong>Graphic Collections</strong> (Special designs in collaboration with artists and brands)</li>\r\n<li><strong>John Varvatos Collection</strong> (Luxury designs with rock-inspired aesthetics)</li>\r\n</ul>\r\n<h4><strong>3. Color Variations</strong></h4>\r\n<ul>\r\n<li><strong>Classic Colors</strong>: White, black, navy blue, gray, red, pink, beige (optical white &amp; natural white).</li>\r\n<li><strong>Seasonal Colors</strong>: Fresh Colors collection, offering new shades each season.</li>\r\n<li><strong>Distressed Look</strong>: Washed Canvas series for a vintage aesthetic.</li>\r\n<li><strong>Limited Editions</strong>: Special collaborations with brands like DC Comics, Andy Warhol, and The Simpsons.</li>\r\n</ul>\r\n<h4><strong>4. Comfort &amp; Features</strong></h4>\r\n<ul>\r\n<li><strong>Cushioning</strong>: Some models include extra padding, particularly the Jack Purcell and CONS lines.</li>\r\n<li><strong>Breathability</strong>: Canvas upper ensures good air circulation.</li>\r\n<li><strong>Traction</strong>: Rubber outsole provides decent grip, but classic models may not be ideal for wet surfaces.</li>\r\n<li><strong>Support</strong>: Converse shoes are generally flat; models like Jack Purcell offer better arch support.</li>\r\n</ul>\r\n<h4><strong>5. Manufacturing Process</strong></h4>\r\n<ul>\r\n<li>The <strong>canvas upper</strong> is cut and stitched together.</li>\r\n<li><strong>Rubber soles</strong> are molded and attached using strong adhesives.</li>\r\n<li>The <strong>toe cap</strong> is added for durability.</li>\r\n<li><strong>Dyeing &amp; Printing</strong>: Logos and patterns are applied using fade-resistant dyes.</li>\r\n</ul>\r\n<h4><strong>6. Price &amp; Availability</strong></h4>\r\n<ul>\r\n<li>Classic Converse models start at around <strong>$55-$75</strong>.</li>\r\n<li>Premium lines (Chuck 70, Jack Purcell) range from <strong>$80-$120</strong>.</li>\r\n<li>Special edition collaborations and leather models can cost <strong>$100-$200+</strong>.</li>\r\n</ul>\r\n<p>Converse shoes remain a timeless, stylish, and versatile footwear choice for casual wear, skateboarding, and even high-fashion collaborations  (<a href=\"https://whattheshoes.com/what-are-converse-shoes-made-of/\" target=\"_self\">What Are Converse Shoes Made Of? (Answers Revealed) – What The Shoes</a>) (<a href=\"https://oureverydaylife.com/types-of-converse-12228161.html\" target=\"_self\">Types of Converse | Our Everyday Life</a>) (<a href=\"https://whattheshoes.com/how-do-they-make-converse-shoes/\" target=\"_self\">How Do They Make Converse Shoes? A Comprehensive Guide – What The Shoes</a>).</p>\r\n', 450, '10004', 'Active'),
(6, 1, 2, 9, 'Leather Couche', 'Leather couches are upholstered furniture pieces featuring frames typically constructed from hardwood, with cushioning made of foam or down, and a surface covering of genuine or faux leather. They prioritize durability, comfort, and a luxurious aesthetic, offering a variety of styles from classic to modern. Leather types range from full-grain to bonded, each with varying degrees of quality and texture, and may include features like tufting, reclining mechanisms, or modular configurations. Regular maintenance, such as conditioning, is essential to preserve the leather\'s appearance and longevity.', '<h3><strong>Leather Couch Specifications: Full Details</strong></h3>\r\n<h4><strong>1. Types of Leather Used in Couches</strong></h4>\r\n<ul>\r\n<li><strong>Full-Grain Leather</strong>: The highest quality leather, retaining the natural grain. It is extremely durable, ages beautifully, and develops a patina over time. However, it is expensive and requires careful maintenance to prevent scratches and damage from temperature fluctuations.</li>\r\n<li><strong>Top-Grain Leather</strong>: Slightly lower quality than full-grain but still durable. It has been sanded to remove imperfections and often has a protective coating to resist stains and fading.</li>\r\n<li><strong>Split Leather</strong>: Comes from the lower layers of the hide. It is less durable than top-grain and full-grain leather but is more affordable. Variants include <strong>suede</strong> (soft, fuzzy texture) and <strong>bicast leather</strong> (polyurethane-coated for a glossy finish).</li>\r\n<li><strong>Genuine Leather</strong>: A lower grade leather made from leftover hide layers. It is treated to mimic the look of higher-quality leather but is less durable.</li>\r\n<li><strong>Bonded Leather</strong>: A mix of leather scraps and synthetic materials bonded together with adhesives. It is the least expensive but also the least durable.</li>\r\n<li><strong>Synthetic Leather (PU &amp; PVC Leather)</strong>: Made from polyurethane or polyvinyl chloride. It is cost-effective, easy to clean, and available in multiple styles but lacks the longevity of real leather.</li>\r\n</ul>\r\n<p>(Sources: HomeDecorBliss, Rolford Leather, Cigno Leather)</p>\r\n<h4><strong>2. Couch Frame &amp; Suspension</strong></h4>\r\n<ul>\r\n<li><strong>Frame Materials</strong>: Hardwood frames (oak, maple, birch) are the most durable. Plywood or engineered wood frames are more affordable but less sturdy.</li>\r\n<li><strong>Spring Systems</strong>:<br></li>\r\n<ul>\r\n<li><strong>Eight-Way Hand-Tied Springs</strong>: High-end, hand-secured springs for maximum comfort and longevity.</li>\r\n<li><strong>Sinuous Springs</strong>: S-shaped steel springs, common in mid-range leather sofas, offer good support.</li>\r\n<li><strong>Web Suspension</strong>: A less durable system using bands of webbing, often combined with springs for reinforcement.</li>\r\n</ul>\r\n</ul>\r\n<p>(Source: Club Furniture)</p>\r\n<h4><strong>3. Cushioning &amp; Filling</strong></h4>\r\n<ul>\r\n<li><strong>Down &amp; Feathers</strong>: Soft and luxurious but requires maintenance to prevent flattening.</li>\r\n<li><strong>High-Density Foam</strong>: Most common, provides firm support with moderate durability.</li>\r\n<li><strong>Memory Foam</strong>: Offers contouring comfort but is more expensive.</li>\r\n<li><strong>Pocketed Coils</strong>: Springs encased in foam, offering bounce and longevity.</li>\r\n</ul>\r\n<p>(Source: Club Furniture)</p>\r\n<h4><strong>4. Maintenance &amp; Care</strong></h4>\r\n<ul>\r\n<li>Avoid direct sunlight to prevent fading.</li>\r\n<li>Clean with a soft cloth, mild soap, and water (avoid harsh chemicals).</li>\r\n<li>Condition full-grain and top-grain leather periodically.</li>\r\n<li>Keep away from moisture and spills.</li>\r\n</ul>\r\n<p>(Source: Rolford Leather, Cigno Leather)</p>\r\n<p>Would you like recommendations for specific brands or models?</p>\r\n', 12000, '10005', 'Active'),
(8, 1, 7, 3, 'Smart Samsung Refrigerator', 'Samsungs refrigerators offer a range of models, from basic top-freezers to advanced French door and side-by-side units, typically featuring digital inverter compressors for energy efficiency and quiet operation. They often include features like flexible storage options, adjustable shelves, humidity-controlled crispers, and ice/water dispensers. Higher-end models may incorporate smart technology, such as Wi-Fi connectivity, touchscreen displays, and internal cameras, alongside advanced cooling systems like triple or quad cooling to maintain optimal temperature and humidity levels.', '<p></p>\r\n<h4><strong>1. Bespoke 4-Door Flex Refrigerator with AI Family Hub+</strong></h4>\r\n<ul>\r\n<li><strong>AI Features:</strong></li>\r\n<ul>\r\n<li>Internal AI camera identifies up to 33 different food items.</li>\r\n<li>Tracks expiration dates and sends notifications.</li>\r\n<li>Suggests recipes based on stored ingredients and dietary preferences.</li>\r\n</ul>\r\n<li><strong>Display &amp; Smart Features:</strong></li>\r\n<ul>\r\n<li>32-inch touchscreen powered by Tizen OS.</li>\r\n<li>Supports YouTube, TikTok, Samsung Food, and Samsung Health.</li>\r\n<li>SmartThings integration for smart home control.</li>\r\n</ul>\r\n<li><strong>Cooling &amp; Storage:</strong></li>\r\n<ul>\r\n<li>Flexible storage compartments.</li>\r\n<li>Customizable interior shelving.</li>\r\n</ul>\r\n<li><strong>Energy Efficiency:</strong></li>\r\n<ul>\r\n<li>AI-powered inverter compressor for better cooling and lower energy consumption.</li>\r\n<li>Estimated energy savings of up to 10% (<a href=\"https://www.sammobile.com/news/samsung-ai-family-hub-plus-refrigerator-32-inch-screen-camera-ai/\" target=\"_self\">Samsung unveils AI Family Hub+ Refrigerator with 32-inch screen, camera - SamMobile</a>) (<a href=\"https://www.t3.com/news/new-samsung-fridge-uses-ai-to-tell-you-whats-inside-and-when-its-going-out-of-date\" target=\"_self\">New Samsung fridge uses AI to tell you what\'s inside and when it\'s going out of date | T3</a>).</li>\r\n</ul>\r\n</ul>\r\n<h4><strong>2. Samsung 809L Family Hub™ AI Refrigerator</strong></h4>\r\n<ul>\r\n<li><strong>Capacity:</strong> 809 liters.</li>\r\n<li><strong>Technology:</strong></li>\r\n<ul>\r\n<li>AI Inverter Compressor with 20-year warranty.</li>\r\n<li>Operates at noise levels below 35 dB.</li>\r\n</ul>\r\n<li><strong>Smart Connectivity:</strong></li>\r\n<ul>\r\n<li>Wi-Fi-enabled remote monitoring.</li>\r\n<li>AI Vision Inside for food tracking and expiration alerts.</li>\r\n</ul>\r\n<li><strong>Design:</strong></li>\r\n<ul>\r\n<li>Available in Clean Charcoal + Stainless Steel finish (<a href=\"https://news.samsung.com/in/samsung-launches-three-new-refrigerators-featuring-next-generation-ai-inverter-compressor-in-india\" target=\"_self\">Samsung Launches Three New Refrigerators Featuring Next-Generation AI Inverter Compressor in India – Samsung Newsroom India</a>).</li>\r\n</ul>\r\n</ul>\r\n<h4><strong>3. Samsung 650L 4-Door Convertible French Door Refrigerator</strong></h4>\r\n<ul>\r\n<li><strong>Capacity:</strong> 650 liters.</li>\r\n<li><strong>Flexibility:</strong></li>\r\n<ul>\r\n<li>Convertible compartments for adjustable storage.</li>\r\n</ul>\r\n<li><strong>AI &amp; Smart Features:</strong></li>\r\n<ul>\r\n<li>Integrated with Samsung\'s SmartThings.</li>\r\n</ul>\r\n<li><strong>Design Options:</strong></li>\r\n<ul>\r\n<li>Clean White (Glass Finish) or Black Caviar (Steel Finish) (<a href=\"https://news.samsung.com/in/samsung-launches-three-new-refrigerators-featuring-next-generation-ai-inverter-compressor-in-india\" target=\"_self\">Samsung Launches Three New Refrigerators Featuring Next-Generation AI Inverter Compressor in India – Samsung Newsroom India</a>).</li>\r\n</ul>\r\n</ul>\r\n<h3><strong>Other Notable Features Across the Lineup</strong></h3>\r\n<ul>\r\n<li><strong>Dual Ice Maker with Ice Bites:</strong> Produces up to 38 pounds of ice daily.</li>\r\n<li><strong>Water Filter Alerts:</strong> Notifies users when a replacement is needed.</li>\r\n<li><strong>Anti-Scratch Glass on Certain Models:</strong> Enhanced durability for surfaces.</li>\r\n<li><strong>Enhanced Energy Efficiency:</strong> AI Energy Mode for optimized power usage (<a href=\"https://news.samsung.com/us/samsung-introduces-new-energy-efficient-appliances-including-americas-largest-capacity-refrigerator-laundry-pair-designed-pet-owners/\" target=\"_self\">Samsung Introduces New Energy Efficient Appliances, Including America’s Largest Capacity Refrigerator* and a Laundry Pair Designed for Pet Owners</a>) (<a href=\"https://www.t3.com/news/new-samsung-fridge-uses-ai-to-tell-you-whats-inside-and-when-its-going-out-of-date\" target=\"_self\">New Samsung fridge uses AI to tell you what\'s inside and when it\'s going out of date | T3</a>).</li>\r\n</ul>\r\n<p>These refrigerators are designed for smart living with advanced AI, connectivity, and efficiency features. Let me know if you need specifications for a specific model!</p>\r\n', 7900, '10006', 'Active'),
(9, 1, 1, 6, 'Hp Pavilion', 'HP Pavilion laptops are designed for everyday computing, offering a balance of performance and affordability. 1  They typically feature Intel Core or AMD Ryzen processors, integrated or dedicated graphics, and a range of storage options including SSDs and HDDs. 2  Display sizes vary, often with Full HD resolutions, and they include standard connectivity features like Wi-Fi, Bluetooth, and USB ports. 1  Pavilion laptops cater to general use, multimedia consumption, and light productivity tasks, with varying configurations to meet different user needs.', '<p>The <strong>HP Pavilion</strong> series offers a range of laptops with different configurations suited for productivity, entertainment, and general use. Here are the full specifications for some of the <strong>latest HP Pavilion models in 2024</strong>:</p>\r\n<h3><strong>HP Pavilion Plus 14 (2024)</strong></h3>\r\n<ul>\r\n<li><strong>Processor Options</strong>: Intel Core Ultra 5 125H, Intel Core Ultra 7 155H</li>\r\n<li><strong>Graphics</strong>: Intel Arc Graphics (7-Core), Iris Xe Graphics</li>\r\n<li><strong>RAM</strong>: Up to 16GB DDR5</li>\r\n<li><strong>Storage</strong>: 512GB SSD (expandable)</li>\r\n<li><strong>Display</strong>: 14-inch OLED or IPS, Full HD or 2.8K resolution</li>\r\n<li><strong>Weight</strong>: 1.44 kg (3.18 lbs)</li>\r\n<li><strong>Battery Life</strong>: Estimated 8-12 hours, HP Fast Charge support</li>\r\n<li><strong>Ports</strong>: USB-C, USB-A, HDMI, headphone jack, SD card slot</li>\r\n<li><strong>Operating System</strong>: Windows 11 Home</li>\r\n</ul>\r\n<h3><strong>HP Pavilion 15-eh3047nr</strong></h3>\r\n<ul>\r\n<li><strong>Processor</strong>: AMD Ryzen 7</li>\r\n<li><strong>Graphics</strong>: AMD Radeon</li>\r\n<li><strong>RAM</strong>: 16GB</li>\r\n<li><strong>Storage</strong>: 512GB SSD</li>\r\n<li><strong>Display</strong>: 15.6-inch Full HD</li>\r\n<li><strong>Battery Life</strong>: Estimated 8-10 hours</li>\r\n<li><strong>Operating System</strong>: Windows 11 Home</li>\r\n</ul>\r\n<h3><strong>HP Pavilion x360 14\" (Convertible)</strong></h3>\r\n<ul>\r\n<li><strong>Processor Options</strong>: Intel Core i5/i7 13th Gen</li>\r\n<li><strong>Display</strong>: 14-inch Full HD Touchscreen</li>\r\n<li><strong>RAM</strong>: 8GB/16GB DDR4</li>\r\n<li><strong>Storage</strong>: 256GB/512GB SSD</li>\r\n<li><strong>Graphics</strong>: Intel Iris Xe</li>\r\n<li><strong>Features</strong>: 360-degree hinge, stylus support</li>\r\n<li><strong>Ports</strong>: USB-C, USB-A, HDMI, microSD card reader</li>\r\n<li><strong>Battery Life</strong>: Up to 9 hours</li>\r\n</ul>\r\n<p>HP Pavilion laptops are known for <strong>solid performance, affordability, and a mix of entertainment and productivity features</strong>. The Pavilion Plus models are designed for <strong>higher-end performance with OLED displays</strong>, while the Pavilion 15 series balances price and performance for students and professionals (<a href=\"https://www.hp.com/us-en/laptops-and-2-in-1s/pavilion.html\" target=\"_self\">HP Pavilion Laptops and 2-in-1 PCs  | HP® Official Site</a>) (<a href=\"https://laptopdecision.com/compare/hp-pavilion-plus-14-2024-vs-HP-Pavilion-15\" target=\"_self\">HP Pavilion Plus 14 2024 vs HP Pavilion 15 Laptops Detailed Comparison </a>) (<a href=\"https://www.hp.com/us-en/shop/tech-takes/hp-pavilion-15-review\" target=\"_self\">HP Pavilion 15 Review 2024: Best Value Laptop for Students &amp; Professionals | HP® Tech Takes</a>).</p>\r\n<p>Would you like help finding specific Pavilion models based on your needs?</p>\r\n', 6800, '10008', 'Active'),
(10, 1, 3, 1, 'Iphone 13 Pro Max', 'The iPhone 13 Pro Max features a 6.7-inch Super Retina XDR display with ProMotion for adaptive refresh rates up to 120Hz, powered by the A15 Bionic chip for high performance and efficiency. 1  It boasts a triple-lens rear camera system with 12MP wide, ultra-wide, and telephoto lenses, enhanced by sensor-shift optical image stabilization and Cinematic mode for video recording. 1  It offers 5G connectivity, improved battery life compared to previous models, and a durable design with Ceramic Shield front cover and IP68 water resistance.', '<p>Here are the full detailed specifications for the <strong>iPhone 13 Pro Max</strong>:</p>\r\n<h3><strong>Design &amp; Build</strong></h3>\r\n<ul>\r\n<li><strong>Dimensions:</strong> 160.8 x 78.1 x 7.7 mm</li>\r\n<li><strong>Weight:</strong> 240g</li>\r\n<li><strong>Build:</strong> Glass front and back (Ceramic Shield), stainless steel frame</li>\r\n<li><strong>SIM:</strong> Nano-SIM and/or eSIM, Dual SIM support</li>\r\n<li><strong>Water Resistance:</strong> IP68 (up to 6m for 30 minutes)</li>\r\n</ul>\r\n<h3><strong>Display</strong></h3>\r\n<ul>\r\n<li><strong>Type:</strong> 6.7-inch Super Retina XDR OLED</li>\r\n<li><strong>Resolution:</strong> 2778 x 1284 pixels (458 PPI)</li>\r\n<li><strong>Refresh Rate:</strong> 120Hz ProMotion</li>\r\n<li><strong>HDR Support:</strong> HDR10, Dolby Vision</li>\r\n<li><strong>Brightness:</strong> 1000 nits (HBM), 1200 nits (peak)</li>\r\n<li><strong>Protection:</strong> Ceramic Shield glass</li>\r\n</ul>\r\n<h3><strong>Performance</strong></h3>\r\n<ul>\r\n<li><strong>Chipset:</strong> Apple A15 Bionic (5nm)</li>\r\n<li><strong>CPU:</strong> Hexa-core (2x3.23 GHz Avalanche + 4x1.82 GHz Blizzard)</li>\r\n<li><strong>GPU:</strong> Apple GPU (5-core graphics)</li>\r\n<li><strong>OS:</strong> iOS 15 (upgradable to iOS 17)</li>\r\n</ul>\r\n<h3><strong>Memory &amp; Storage</strong></h3>\r\n<ul>\r\n<li><strong>RAM:</strong> 6GB</li>\r\n<li><strong>Storage Options:</strong> 128GB, 256GB, 512GB, 1TB (NVMe)</li>\r\n<li><strong>Expandable Storage:</strong> No</li>\r\n</ul>\r\n<h3><strong>Camera System</strong></h3>\r\n<h4><strong>Rear Camera (Triple)</strong></h4>\r\n<ul>\r\n<li><strong>12 MP Wide:</strong> f/1.5, 26mm, Dual Pixel PDAF, Sensor-shift OIS</li>\r\n<li><strong>12 MP Telephoto:</strong> f/2.8, 77mm, 3x Optical Zoom, OIS</li>\r\n<li><strong>12 MP Ultra-wide:</strong> f/1.8, 120° field of view</li>\r\n<li><strong>LiDAR Scanner:</strong> Depth sensing for night mode and AR</li>\r\n</ul>\r\n<h4><strong>Rear Camera Features:</strong></h4>\r\n<ul>\r\n<li><strong>Zoom:</strong> 3x Optical In, 2x Optical Out, 15x Digital</li>\r\n<li><strong>Modes:</strong> Night mode, Deep Fusion, Smart HDR 4, Portrait Mode</li>\r\n<li><strong>Video:</strong> 4K @ 24/30/60fps, 1080p @ 30/60/120/240fps, ProRes, Cinematic Mode</li>\r\n</ul>\r\n<h4><strong>Front Camera (Selfie)</strong></h4>\r\n<ul>\r\n<li><strong>12 MP Wide:</strong> f/2.2, 23mm</li>\r\n<li><strong>SL 3D sensor:</strong> Depth/Biometric sensing</li>\r\n<li><strong>Features:</strong> HDR, Night mode, Portrait mode</li>\r\n<li><strong>Video:</strong> 4K @ 24/25/30/60fps, 1080p @ 30/60/120fps</li>\r\n</ul>\r\n<h3><strong>Battery &amp; Charging</strong></h3>\r\n<ul>\r\n<li><strong>Capacity:</strong> 4352mAh (Li-Ion, non-removable)</li>\r\n<li><strong>Wired Charging:</strong> 50% in 30 minutes with 27W adapter (not included)</li>\r\n<li><strong>Wireless Charging:</strong></li>\r\n<ul>\r\n<li><strong>MagSafe:</strong> 15W</li>\r\n<li><strong>Qi:</strong> 7.5W</li>\r\n</ul>\r\n<li><strong>USB:</strong> Lightning, USB 2.0</li>\r\n</ul>\r\n<h3><strong>Audio</strong></h3>\r\n<ul>\r\n<li><strong>Loudspeaker:</strong> Stereo speakers</li>\r\n<li><strong>3.5mm Jack:</strong> No</li>\r\n</ul>\r\n<h3><strong>Connectivity</strong></h3>\r\n<ul>\r\n<li><strong>WiFi:</strong> Wi-Fi 6 (802.11ax), dual-band, hotspot</li>\r\n<li><strong>Bluetooth:</strong> 5.0, A2DP, LE</li>\r\n<li><strong>GPS:</strong> A-GPS, GLONASS, GALILEO, QZSS, BDS</li>\r\n<li><strong>NFC:</strong> Yes</li>\r\n<li><strong>5G &amp; LTE:</strong> Supports multiple bands for global compatibility</li>\r\n</ul>\r\n<h3><strong>Sensors &amp; Features</strong></h3>\r\n<ul>\r\n<li><strong>Face ID:</strong> Yes (3D facial recognition)</li>\r\n<li><strong>Other Sensors:</strong> Accelerometer, Gyro, Proximity, Compass, Barometer</li>\r\n<li><strong>UWB Support:</strong> Yes</li>\r\n</ul>\r\n<h3><strong>Colors &amp; Price</strong></h3>\r\n<ul>\r\n<li><strong>Colors:</strong> Graphite, Gold, Silver, Sierra Blue, Alpine Green</li>\r\n<li><strong>Price:</strong> Approx. $1100 (varies by region)</li>\r\n</ul>\r\n<p>For more details, you can check:</p>\r\n<ul>\r\n<li><a href=\"https://www.cellsarena.com\" target=\"_self\">Cell Arena</a> (<a href=\"https://www.cellsarena.com/phones/apple/apple-iphone-13-pro-max/specs\" target=\"_self\">Apple iPhone 13 Pro Max - Full Phone Specifications</a>)</li>\r\n<li><a href=\"https://www.specsbattle.com\" target=\"_self\">Specs Battle</a> (<a href=\"https://specsbattle.com/phones/apple-apple-iphone-13-pro-max\" target=\"_self\">Apple iPhone 13 Pro Max - Full Specifications and Features</a>)</li>\r\n<li><a href=\"https://www.specsinsight.com\" target=\"_self\">Specs Insight</a></li>\r\n</ul>\r\n', 17000, '10009', 'Active'),
(11, 1, 1, 1, '2022 MacBook Pro', 'The 2022 MacBook Pro, available in 13-inch, 14-inch, and 16-inch models, is powered by Apple\'s M2 or M1 Pro/Max chips, offering significant performance and efficiency improvements. It features a Liquid Retina XDR display (on 14 and 16-inch models), a 1080p FaceTime HD camera, a high-fidelity six-speaker sound system, and a variety of ports including Thunderbolt, HDMI, and an SDXC card slot. The 13 inch model kept the touch bar, where the 14 and 16 inch models do not. These laptops are designed for professional users, offering long battery life, ample storage and memory options, and macOS integration for seamless workflows', '<p>The <strong>MacBook Pro 2022</strong> (14-inch and 16-inch models) features Apple\'s <strong>M2 Pro and M2 Max</strong> chips, offering a significant boost in performance compared to the previous M1-based models. Below are the full specifications:</p>\r\n<h3><strong>Display &amp; Design</strong></h3>\r\n<ul>\r\n<li><strong>Screen Sizes</strong>: 14.2-inch and 16.2-inch</li>\r\n<li><strong>Display Type</strong>: Liquid Retina XDR Mini-LED</li>\r\n<li><strong>Resolution</strong>:<br></li>\r\n<ul>\r\n<li><strong>14-inch</strong>: 3024 x 1964 pixels</li>\r\n<li><strong>16-inch</strong>: 3456 x 2234 pixels</li>\r\n</ul>\r\n<li><strong>Refresh Rate</strong>: Up to 120Hz (ProMotion)</li>\r\n<li><strong>Brightness</strong>: 1000 nits sustained, 1600 nits peak (HDR)</li>\r\n<li><strong>Color Accuracy</strong>: Wide Color (P3), True Tone</li>\r\n</ul>\r\n<h3><strong>Processor (M2 Pro &amp; M2 Max)</strong></h3>\r\n<ul>\r\n<li><strong>M2 Pro</strong>:<br></li>\r\n<ul>\r\n<li>10-core or 12-core CPU (8 performance cores, 4 efficiency cores)</li>\r\n<li>GPU: Up to 19 cores</li>\r\n<li><strong>Performance boost</strong>: 20% faster CPU and 30% faster GPU compared to M1 Pro</li>\r\n</ul>\r\n<li><strong>M2 Max</strong>:<br></li>\r\n<ul>\r\n<li>12-core CPU (8 performance cores, 4 efficiency cores)</li>\r\n<li>GPU: Up to 38 cores</li>\r\n<li><strong>Performance boost</strong>: 30% better GPU than M1 Max</li>\r\n</ul>\r\n</ul>\r\n<h3><strong>Memory &amp; Storage</strong></h3>\r\n<ul>\r\n<li>Unified RAM:<br></li>\r\n<ul>\r\n<li><strong>M2 Pro</strong>: 16GB or 32GB</li>\r\n<li><strong>M2 Max</strong>: 32GB, 64GB, or 96GB</li>\r\n</ul>\r\n<li>Storage Options: 512GB, 1TB, 2TB, 4TB, or 8TB SSD</li>\r\n</ul>\r\n<h3><strong>Battery Life</strong></h3>\r\n<ul>\r\n<li><strong>14-inch</strong>: Up to <strong>18 hours</strong> of movie playback</li>\r\n<li><strong>16-inch</strong>: Up to <strong>22 hours</strong> of movie playback</li>\r\n<li><strong>Charging</strong>: MagSafe 3 fast charging</li>\r\n</ul>\r\n<h3><strong>Ports &amp; Connectivity</strong></h3>\r\n<ul>\r\n<li><strong>Thunderbolt 4/USB 4 Ports</strong>: 3x</li>\r\n<li><strong>HDMI</strong>: Supports up to <strong>4K 240Hz</strong> or <strong>8K 60Hz</strong></li>\r\n<li><strong>SDXC Card Slot</strong></li>\r\n<li><strong>MagSafe 3 Charging Port</strong></li>\r\n<li><strong>3.5mm Headphone Jack</strong></li>\r\n<li><strong>Wi-Fi 6E &amp; Bluetooth 5.3</strong></li>\r\n</ul>\r\n<h3><strong>Audio &amp; Camera</strong></h3>\r\n<ul>\r\n<li><strong>Speakers</strong>: 6-speaker system with spatial audio</li>\r\n<li><strong>Microphones</strong>: Studio-quality three-mic array</li>\r\n<li><strong>Webcam</strong>: 1080p FaceTime HD camera</li>\r\n</ul>\r\n<h3><strong>Software</strong></h3>\r\n<ul>\r\n<li><strong>macOS Ventura</strong> (upgradable)</li>\r\n<li><strong>Features</strong>: Stage Manager, Metal 3 graphics, ProRes hardware acceleration</li>\r\n</ul>\r\n<h3><strong>Build &amp; Weight</strong></h3>\r\n<ul>\r\n<li><strong>Material</strong>: Aluminum unibody</li>\r\n<li><strong>Weight</strong>:<br></li>\r\n<ul>\r\n<li><strong>14-inch</strong>: 3.5 lbs (1.6 kg)</li>\r\n<li><strong>16-inch</strong>: 4.7 lbs (2.1 kg)</li>\r\n</ul>\r\n</ul>\r\n<h3><strong>Pricing</strong></h3>\r\n<ul>\r\n<li>Starts at <strong>$1,999</strong> for the <strong>14-inch M2 Pro</strong> model</li>\r\n<li>High-end <strong>M2 Max with 96GB RAM and 8TB storage</strong> can reach <strong>$6,499</strong></li>\r\n</ul>\r\n<p>This model is designed for <strong>professionals in creative fields</strong> and offers <strong>top-tier performance, display, and battery life</strong> but lacks USB-A and Face ID (<a href=\"https://www.laptopmag.com/news/macbook-pros-with-m2-pro-and-m2-max-price-release-date-specs-and-more\" target=\"_self\">MacBook Pros with M2 Pro and M2 Max: Price, release date, specs, and more | Laptop Mag</a>) (<a href=\"https://www.techspot.com/products/laptops/apple-macbook-pro-142-inch-m2-pro-mid-2022.258432/\" target=\"_self\">Apple MacBook Pro 14 - M2 Pro/Max Reviews, Pros and Cons | TechSpot</a>) (<a href=\"https://www.laptopmag.com/news/the-new-14-and-16-inch-macbook-pros-are-here-say-hello-to-m2-pro-and-m2-max-power\" target=\"_self\">The new 14 and 16-inch MacBook Pros are here — say “hello” to M2 Pro and M2 Max power | Laptop Mag</a>).</p>\r\n', 27000, '10010', 'Active'),
(12, 1, 1, 1, 'Apple Magic Mouse', 'The Apple Magic Mouse is a wireless, multi-touch mouse that features a seamless, button-less surface allowing for gesture-based navigation, including scrolling, swiping, and clicking.  1  It connects via Bluetooth, utilizes a built-in rechargeable battery, and is characterized by its sleek, low-profile design. 2  The Magic Mouse incorporates advanced sensors for precise tracking and offers customizable gesture controls through macOS settings, providing a minimalist and intuitive user experience', '<p>Here are the full specifications for the <strong>Apple Magic Mouse (USB-C) 2024</strong>:</p>\r\n<h3><strong>General Information</strong></h3>\r\n<ul>\r\n<li><strong>Type:</strong> Wireless and Rechargeable Mouse</li>\r\n<li><strong>Multi-Touch Surface:</strong> Supports gestures like swiping and scrolling</li>\r\n<li><strong>Color Options:</strong> White, Black</li>\r\n<li><strong>Optimized Foot Design:</strong> Allows smooth gliding across surfaces</li>\r\n</ul>\r\n<h3><strong>Battery &amp; Charging</strong></h3>\r\n<ul>\r\n<li><strong>Battery Life:</strong> Approximately 1 month or more per charge</li>\r\n<li><strong>Charging Port:</strong> USB-C</li>\r\n<li><strong>Charging Cable Included:</strong> Woven USB-C to USB-C cable</li>\r\n</ul>\r\n<h3><strong>Connectivity &amp; Compatibility</strong></h3>\r\n<ul>\r\n<li><strong>Wireless Technology:</strong> Bluetooth</li>\r\n<li><strong>System Requirements:</strong></li>\r\n<ul>\r\n<li>Mac with <strong>macOS 15.1 or later</strong></li>\r\n<li>iPad with <strong>iPadOS 18.1 or later</strong></li>\r\n</ul>\r\n<li><strong>Compatible Devices:</strong></li>\r\n<ul>\r\n<li><strong>Mac Models:</strong> MacBook Air (M3, M2, M1), MacBook Pro (M3, M2, M1), iMac, Mac mini, Mac Studio, Mac Pro</li>\r\n<li><strong>iPad Models:</strong> iPad Pro (M4, 6th gen), iPad Air (M2, 5th gen), iPad Mini (A17 Pro, 6th gen)</li>\r\n</ul>\r\n</ul>\r\n<h3><strong>Size &amp; Weight</strong></h3>\r\n<ul>\r\n<li><strong>Height:</strong> 2.16 cm (0.85 inches)</li>\r\n<li><strong>Width:</strong> 5.71 cm (2.25 inches)</li>\r\n<li><strong>Depth:</strong> 11.35 cm (4.47 inches)</li>\r\n<li><strong>Weight:</strong> 0.099 kg (0.22 lbs)</li>\r\n</ul>\r\n<h3><strong>Additional Features</strong></h3>\r\n<ul>\r\n<li><strong>Automatic Pairing with Mac</strong></li>\r\n<li><strong>Gesture Support for Easy Navigation</strong></li>\r\n<li><strong>One-Year Manufacturer Warranty</strong></li>\r\n<li><strong>Made in China</strong></li>\r\n</ul>\r\n<p>For more details, you can check out the official Apple support page <a href=\"https://support.apple.com\" target=\"_self\">here</a> (<a href=\"https://support.apple.com/en-my/121931\" target=\"_self\">Magic Mouse (USB‑C) - Tech Specs – Apple Support (MY)</a>) and purchase details at <a href=\"https://www.reliancedigital.in\" target=\"_self\">Reliance Digital</a> (<a href=\"https://www.reliancedigital.in/product/apple-magic-mouse-multitouch-surface-2024-white-m2vm3p-8697773\" target=\"_self\">Buy Apple Magic Mouse MultiTouch Surface 2024, White at Reliance Digital</a>).</p>\r\n', 900, '10011', 'Active');
INSERT INTO `products` (`id`, `userid`, `category`, `brand`, `name`, `description`, `specification`, `price`, `sku`, `status`) VALUES
(13, 1, 8, 5, 'Music Mixer Console', 'A music mixer console, or mixing desk, is a device designed to combine, process, and route audio signals from various sources, featuring multiple input channels with gain, equalization (EQ), and panning controls, as well as auxiliary sends for effects processing and monitor mixes. Master faders control the overall output level, and many consoles include built-in preamplifiers, metering, and headphone outputs for monitoring. Digital mixers often incorporate advanced features such as digital signal processing (DSP), automation, and USB connectivity for computer integration, while analog mixers provide a more tactile and traditional workflow.', '<p>A <strong>music mixer console</strong> is an essential tool for audio production, live sound, and broadcasting. Here’s a detailed overview of the features and specifications of various mixer types available in 2024:</p>\r\n<h3><strong>Types of Mixer Consoles</strong></h3>\r\n<ol>\r\n<li></li>\r\n</ol>\r\n<p><strong>USB Mixers</strong> – Ideal for home studios and podcasting, these mixers allow direct connectivity with computers for easy recording.</p>\r\n<ul>\r\n<li>Example: Mackie ProFX8v2</li>\r\n<li>Features: Built-in effects, multiple inputs, easy-to-use interface</li>\r\n<li>Best for: Podcasters, home studio musicians  (<a href=\"https://prosoundnation.com/mastering-the-mix-the-definitive-2024-guide-to-audio-mixer-functionality-and-innovative-features/\" target=\"_self\">Mastering the Mix: The Definitive 2024 Guide to Audio Mixers Functionality and Features – ProSoundNatioan</a>)</li>\r\n</ul>\r\n<ol>\r\n<li></li>\r\n</ol>\r\n<p><strong>Rackmount Mixers</strong> – Compact mixers designed for permanent installations.</p>\r\n<ul>\r\n<li>Example: Allen &amp; Heath ZEDi-10FX</li>\r\n<li>Features: High-quality preamps, space-saving design, multiple input/output options</li>\r\n<li>Best for: Small venues, churches  (<a href=\"https://prosoundnation.com/mastering-the-mix-the-definitive-2024-guide-to-audio-mixer-functionality-and-innovative-features/\" target=\"_self\">Mastering the Mix: The Definitive 2024 Guide to Audio Mixers Functionality and Features – ProSoundNatioan</a>)</li>\r\n</ul>\r\n<ol>\r\n<li></li>\r\n</ol>\r\n<p><strong>Field Mixers</strong> – Portable and rugged for on-location recording in film and broadcast environments.</p>\r\n<ul>\r\n<li>Example: Sound Devices MixPre-3 II</li>\r\n<li>Features: High-quality preamps, timecode capabilities, durable design</li>\r\n<li>Best for: Filmmakers, sound engineers  (<a href=\"https://prosoundnation.com/mastering-the-mix-the-definitive-2024-guide-to-audio-mixer-functionality-and-innovative-features/\" target=\"_self\">Mastering the Mix: The Definitive 2024 Guide to Audio Mixers Functionality and Features – ProSoundNatioan</a>)</li>\r\n</ul>\r\n<ol>\r\n<li></li>\r\n</ol>\r\n<p><strong>Digital Mixers</strong> – Feature-rich with remote control capabilities and built-in effects.</p>\r\n<ul>\r\n<li>Example: TASCAM Model 2400</li>\r\n<li>Features: 24-track recorder, 24-in/22-out USB interface, DAW control, onboard EQ/compression, phantom power</li>\r\n<li>Best for: Studio recording, live performances  (<a href=\"https://futuremusic.com/2024/07/tascam-announces-model-2400-studio-live-recorder-and-mixing-console/\" target=\"_self\">TASCAM Announces Model 2400 Studio / Live Recorder and Mixing Console &lt; FutureMusic the latest news on future music technology DJ gear producing dance music edm and everything electronic</a>)</li>\r\n</ul>\r\n<h3><strong>Key Features to Look for in a Music Mixer Console</strong></h3>\r\n<ul>\r\n<li><strong>Input Channels</strong> – The number of microphones and instruments the mixer can handle at once. Options range from compact models with 3-4 inputs to large consoles with 24+ inputs  (<a href=\"https://equipboard.com/posts/best-audio-mixers\" target=\"_self\">Best Audio Mixers Comparison: Top 10 Picks for Every Budget 2025 | Equipboard</a>).</li>\r\n<li><strong>Preamps</strong> – High-quality preamps are crucial for clear sound. Low noise and high headroom ensure accurate audio capture  (<a href=\"https://equipboard.com/posts/best-audio-mixers\" target=\"_self\">Best Audio Mixers Comparison: Top 10 Picks for Every Budget 2025 | Equipboard</a>).</li>\r\n<li><strong>EQ and Effects</strong> – Built-in equalization and effects (reverb, delay, compression) enhance audio processing  (<a href=\"https://prosoundnation.com/mastering-the-mix-the-definitive-2024-guide-to-audio-mixer-functionality-and-innovative-features/\" target=\"_self\">Mastering the Mix: The Definitive 2024 Guide to Audio Mixers Functionality and Features – ProSoundNatioan</a>).</li>\r\n<li><strong>Auxiliary Sends</strong> – Allow for custom monitor mixes, essential for live performances  (<a href=\"https://equipboard.com/posts/best-audio-mixers\" target=\"_self\">Best Audio Mixers Comparison: Top 10 Picks for Every Budget 2025 | Equipboard</a>).</li>\r\n<li><strong>USB/DAW Integration</strong> – Many modern mixers support direct connection to Digital Audio Workstations (DAWs) for recording  (<a href=\"https://futuremusic.com/2024/07/tascam-announces-model-2400-studio-live-recorder-and-mixing-console/\" target=\"_self\">TASCAM Announces Model 2400 Studio / Live Recorder and Mixing Console &lt; FutureMusic the latest news on future music technology DJ gear producing dance music edm and everything electronic</a>).</li>\r\n<li><strong>Analog vs. Digital</strong> – Analog mixers provide tactile control, while digital mixers offer recallable settings and advanced features  (<a href=\"https://equipboard.com/posts/best-audio-mixers\" target=\"_self\">Best Audio Mixers Comparison: Top 10 Picks for Every Budget 2025 | Equipboard</a>).</li>\r\n</ul>\r\n<h3><strong>Popular Models</strong></h3>\r\n<ul>\r\n<li><strong>Zoom L-8</strong> – Portable, best for podcasting, features programmable sound pads  (<a href=\"https://www.soundswow.com/best-mixing-console-for-home-studio/\" target=\"_self\">9 Best Mixing Consoles for Home Studio in 2025</a>).</li>\r\n<li><strong>Yamaha MG10XU</strong> – All-in-one USB mixer with built-in effects and phantom power  (<a href=\"https://www.soundswow.com/best-mixing-console-for-home-studio/\" target=\"_self\">9 Best Mixing Consoles for Home Studio in 2025</a>).</li>\r\n<li><strong>Mackie ProFX4 v2</strong> – Compact mixer with USB connectivity and ReadyFX effects  (<a href=\"https://www.soundswow.com/best-mixing-console-for-home-studio/\" target=\"_self\">9 Best Mixing Consoles for Home Studio in 2025</a>).</li>\r\n</ul>\r\n<p>Would you like recommendations based on your specific needs (home studio, live performance, DJing, etc.)?</p>\r\n', 4500, '10012', 'Active'),
(14, 1, 5, 7, 'Nike Running Shoes', 'Nike running shoes are designed for diverse running needs, featuring lightweight, breathable uppers made from materials like engineered mesh or Flyknit, and cushioned midsoles using technologies like React, ZoomX, or Air Max for impact absorption and energy return. 1  Outsoles provide varying levels of traction and durability based on intended terrain, with models ranging from minimalist racing flats to highly supportive stability shoes. Nike running shoes also incorporate features like Flywire cables for a secure fit, and reflective elements for visibility, all tailored to enhance performance and comfort during runs', '<p>Here are the detailed specifications for some of the latest Nike running shoes in 2024:</p>\r\n<h3><strong>Nike Vaporfly 3</strong></h3>\r\n<ul>\r\n<li><strong>Weight</strong>: 6.7 oz (190g)</li>\r\n<li><strong>Cushioning</strong>: ZoomX foam with a full-length carbon fiber plate</li>\r\n<li><strong>Heel-to-Toe Drop</strong>: 8 mm</li>\r\n<li><strong>Performance</strong>: Known for being lightweight, highly responsive, and energy-efficient for races</li>\r\n<li><strong>Pros</strong>: Exceptionally breathable, plush cushioning, outstanding speed and efficiency</li>\r\n<li><strong>Cons</strong>: Narrow heel, not ideal for daily running</li>\r\n<li><strong>Price</strong>: Around $250  (<a href=\"https://runrepeat.com/guides/best-nike-running-shoes\" target=\"_self\">7 Best Nike Running Shoes | RunRepeat</a>) (<a href=\"https://www.gq.com/story/best-nike-running-shoes\" target=\"_self\">8 Best Nike Running Shoes in 2024, Tested by Editors | GQ</a>)</li>\r\n</ul>\r\n<h3><strong>Nike Alphafly 3 (Best Marathon Shoe)</strong></h3>\r\n<ul>\r\n<li><strong>Weight</strong>: ~7.5 oz</li>\r\n<li><strong>Midsole</strong>: ZoomX cushioning with Air Zoom pods</li>\r\n<li><strong>Heel-to-Toe Drop</strong>: 8 mm</li>\r\n<li><strong>Performance</strong>: Ideal for long-distance running and breaking personal bests</li>\r\n<li><strong>Pros</strong>: Enhanced speed, superior cushioning, excellent energy return</li>\r\n<li><strong>Cons</strong>: Expensive</li>\r\n<li><strong>Price</strong>: Around $260  (<a href=\"https://runrepeat.com/guides/best-nike-running-shoes\" target=\"_self\">7 Best Nike Running Shoes | RunRepeat</a>)</li>\r\n</ul>\r\n<h3><strong>Nike Pegasus Trail 5 (Best Road-to-Trail Running Shoe)</strong></h3>\r\n<ul>\r\n<li><strong>Weight</strong>: 10.58 oz</li>\r\n<li><strong>Heel-to-Toe Drop</strong>: 9.5 mm</li>\r\n<li><strong>Use</strong>: Suitable for both road and trail running</li>\r\n<li><strong>Pros</strong>: Soft ride, versatile across multiple surfaces</li>\r\n<li><strong>Cons</strong>: Shallow lugs may not be ideal for technical trails</li>\r\n<li><strong>Price</strong>: Around $150  (<a href=\"https://www.runnea.co.uk/articles/running-news/nike-running-shoes-trail-running-15575/\" target=\"_self\">Nike s new running shoes and trail running shoes in 2024 </a>) (<a href=\"https://www.gq.com/story/best-nike-running-shoes\" target=\"_self\">8 Best Nike Running Shoes in 2024, Tested by Editors | GQ</a>)</li>\r\n</ul>\r\n<h3><strong>Nike Pegasus 41 GORE-TEX (Best Waterproof Running Shoe)</strong></h3>\r\n<ul>\r\n<li><strong>Weight</strong>: 10.4 oz</li>\r\n<li><strong>Heel-to-Toe Drop</strong>: 10 mm</li>\r\n<li><strong>Waterproofing</strong>: GORE-TEX technology for all-weather running</li>\r\n<li><strong>Performance</strong>: Comfortable and bouncy ride, snug fit</li>\r\n<li><strong>Pros</strong>: Effective waterproofing, solid grip, good for all weather conditions</li>\r\n<li><strong>Cons</strong>: Slightly stiffer than the regular Pegasus</li>\r\n<li><strong>Price</strong>: Around $160  (<a href=\"https://www.gq.com/story/best-nike-running-shoes\" target=\"_self\">8 Best Nike Running Shoes in 2024, Tested by Editors | GQ</a>)</li>\r\n</ul>\r\n<p>These models represent some of the best Nike running shoes available in 2024, each designed for different types of runners and conditions. Let me know if you need a comparison or a recommendation based on your specific needs!</p>\r\n', 500, '10013', 'Active'),
(15, 1, 5, 7, 'Nike Air Force 1', 'Nike Air Force 1 shoes are low, mid, or high-top basketball-inspired sneakers featuring a leather or synthetic upper, a perforated toe box for ventilation, and a durable rubber sole with Nike Air cushioning for impact absorption. 1  They are recognized by their distinct silhouette, including a thick midsole and a prominent side Swoosh logo, and are available in a wide range of colors and materials, catering to both athletic performance and casual streetwear fashion.', '<p>A <strong>music mixer console</strong> is an essential tool for audio production, live sound, and broadcasting. Here’s a detailed overview of the features and specifications of various mixer types available in 2024:</p>\r\n<h3><strong>Types of Mixer Consoles</strong></h3>\r\n<ol>\r\n<li></li>\r\n</ol>\r\n<p><strong>USB Mixers</strong> – Ideal for home studios and podcasting, these mixers allow direct connectivity with computers for easy recording.</p>\r\n<ul>\r\n<li>Example: Mackie ProFX8v2</li>\r\n<li>Features: Built-in effects, multiple inputs, easy-to-use interface</li>\r\n<li>Best for: Podcasters, home studio musicians  (<a href=\"https://prosoundnation.com/mastering-the-mix-the-definitive-2024-guide-to-audio-mixer-functionality-and-innovative-features/\" target=\"_self\">Mastering the Mix: The Definitive 2024 Guide to Audio Mixers Functionality and Features – ProSoundNatioan</a>)</li>\r\n</ul>\r\n<ol>\r\n<li></li>\r\n</ol>\r\n<p><strong>Rackmount Mixers</strong> – Compact mixers designed for permanent installations.</p>\r\n<ul>\r\n<li>Example: Allen &amp; Heath ZEDi-10FX</li>\r\n<li>Features: High-quality preamps, space-saving design, multiple input/output options</li>\r\n<li>Best for: Small venues, churches  (<a href=\"https://prosoundnation.com/mastering-the-mix-the-definitive-2024-guide-to-audio-mixer-functionality-and-innovative-features/\" target=\"_self\">Mastering the Mix: The Definitive 2024 Guide to Audio Mixers Functionality and Features – ProSoundNatioan</a>)</li>\r\n</ul>\r\n<ol>\r\n<li></li>\r\n</ol>\r\n<p><strong>Field Mixers</strong> – Portable and rugged for on-location recording in film and broadcast environments.</p>\r\n<ul>\r\n<li>Example: Sound Devices MixPre-3 II</li>\r\n<li>Features: High-quality preamps, timecode capabilities, durable design</li>\r\n<li>Best for: Filmmakers, sound engineers  (<a href=\"https://prosoundnation.com/mastering-the-mix-the-definitive-2024-guide-to-audio-mixer-functionality-and-innovative-features/\" target=\"_self\">Mastering the Mix: The Definitive 2024 Guide to Audio Mixers Functionality and Features – ProSoundNatioan</a>)</li>\r\n</ul>\r\n<ol>\r\n<li></li>\r\n</ol>\r\n<p><strong>Digital Mixers</strong> – Feature-rich with remote control capabilities and built-in effects.</p>\r\n<ul>\r\n<li>Example: TASCAM Model 2400</li>\r\n<li>Features: 24-track recorder, 24-in/22-out USB interface, DAW control, onboard EQ/compression, phantom power</li>\r\n<li>Best for: Studio recording, live performances  (<a href=\"https://futuremusic.com/2024/07/tascam-announces-model-2400-studio-live-recorder-and-mixing-console/\" target=\"_self\">TASCAM Announces Model 2400 Studio / Live Recorder and Mixing Console &lt; FutureMusic the latest news on future music technology DJ gear producing dance music edm and everything electronic</a>)</li>\r\n</ul>\r\n<h3><strong>Key Features to Look for in a Music Mixer Console</strong></h3>\r\n<ul>\r\n<li><strong>Input Channels</strong> – The number of microphones and instruments the mixer can handle at once. Options range from compact models with 3-4 inputs to large consoles with 24+ inputs  (<a href=\"https://equipboard.com/posts/best-audio-mixers\" target=\"_self\">Best Audio Mixers Comparison: Top 10 Picks for Every Budget 2025 | Equipboard</a>).</li>\r\n<li><strong>Preamps</strong> – High-quality preamps are crucial for clear sound. Low noise and high headroom ensure accurate audio capture  (<a href=\"https://equipboard.com/posts/best-audio-mixers\" target=\"_self\">Best Audio Mixers Comparison: Top 10 Picks for Every Budget 2025 | Equipboard</a>).</li>\r\n<li><strong>EQ and Effects</strong> – Built-in equalization and effects (reverb, delay, compression) enhance audio processing  (<a href=\"https://prosoundnation.com/mastering-the-mix-the-definitive-2024-guide-to-audio-mixer-functionality-and-innovative-features/\" target=\"_self\">Mastering the Mix: The Definitive 2024 Guide to Audio Mixers Functionality and Features – ProSoundNatioan</a>).</li>\r\n<li><strong>Auxiliary Sends</strong> – Allow for custom monitor mixes, essential for live performances  (<a href=\"https://equipboard.com/posts/best-audio-mixers\" target=\"_self\">Best Audio Mixers Comparison: Top 10 Picks for Every Budget 2025 | Equipboard</a>).</li>\r\n<li><strong>USB/DAW Integration</strong> – Many modern mixers support direct connection to Digital Audio Workstations (DAWs) for recording  (<a href=\"https://futuremusic.com/2024/07/tascam-announces-model-2400-studio-live-recorder-and-mixing-console/\" target=\"_self\">TASCAM Announces Model 2400 Studio / Live Recorder and Mixing Console &lt; FutureMusic the latest news on future music technology DJ gear producing dance music edm and everything electronic</a>).</li>\r\n<li><strong>Analog vs. Digital</strong> – Analog mixers provide tactile control, while digital mixers offer recallable settings and advanced features  (<a href=\"https://equipboard.com/posts/best-audio-mixers\" target=\"_self\">Best Audio Mixers Comparison: Top 10 Picks for Every Budget 2025 | Equipboard</a>).</li>\r\n</ul>\r\n<h3><strong>Popular Models</strong></h3>\r\n<ul>\r\n<li><strong>Zoom L-8</strong> – Portable, best for podcasting, features programmable sound pads  (<a href=\"https://www.soundswow.com/best-mixing-console-for-home-studio/\" target=\"_self\">9 Best Mixing Consoles for Home Studio in 2025</a>).</li>\r\n<li><strong>Yamaha MG10XU</strong> – All-in-one USB mixer with built-in effects and phantom power  (<a href=\"https://www.soundswow.com/best-mixing-console-for-home-studio/\" target=\"_self\">9 Best Mixing Consoles for Home Studio in 2025</a>).</li>\r\n<li><strong>Mackie ProFX4 v2</strong> – Compact mixer with USB connectivity and ReadyFX effects  (<a href=\"https://www.soundswow.com/best-mixing-console-for-home-studio/\" target=\"_self\">9 Best Mixing Consoles for Home Studio in 2025</a>).</li>\r\n</ul>\r\n<p>Would you like recommendations based on your specific needs (home studio, live performance, DJing, etc.)?</p>\r\n', 1000, '10014', 'Active'),
(16, 1, 5, 7, 'Official Leather Shoes', 'Official leather shoes, designed for formal or professional settings, are typically crafted from high-quality leather, featuring a polished finish and a closed lacing system like Oxford or Derby styles, or a slip-on design such as loafers. They prioritize a sleek, refined silhouette with a low, stacked heel and a durable leather or rubber sole, ensuring both comfort and a sophisticated appearance. Construction emphasizes durability and longevity, often incorporating features like Goodyear welting, and a smooth, comfortable lining.', '<p>Here are the full specifications for official leather shoes, including materials, features, and advantages:</p>\r\n<h3><strong>Material Types</strong></h3>\r\n<ul>\r\n<li><strong>Full Grain Leather</strong>: The highest quality leather, durable, breathable, and develops a rich patina over time.</li>\r\n<li><strong>Top Grain Leather</strong>: Slightly lower in quality than full grain but still durable; often treated for a smoother finish.</li>\r\n<li><strong>Genuine Leather</strong>: Lower in quality, made from the inner layers of the hide with a processed surface.</li>\r\n<li><strong>Patent Leather</strong>: Coated with a glossy finish for a sleek, formal look.</li>\r\n</ul>\r\n<h3><strong>Features of Official Leather Shoes</strong></h3>\r\n<ul>\r\n<li><strong>Construction</strong>: Handcrafted or machine-made using techniques such as Goodyear welt, Blake stitch, or cemented sole construction.</li>\r\n<li><strong>Sole Material</strong>: Leather, rubber, or a combination for durability and comfort.</li>\r\n<li><strong>Lining</strong>: Leather or fabric for moisture absorption and breathability.</li>\r\n<li><strong>Toe Styles</strong>: Options like round, square, pointed, or cap-toe designs.</li>\r\n<li><strong>Closure Types</strong>: Laces, buckles (Monk straps), slip-on (Loafers), or elastic side panels (Chelsea boots).</li>\r\n<li><strong>Insole</strong>: Cushioned for added comfort.</li>\r\n<li><strong>Heel Type</strong>: Varies from flat to stacked or heeled for different levels of formality.</li>\r\n</ul>\r\n<h3><strong>Advantages of Leather Shoes</strong></h3>\r\n<ul>\r\n<li><strong>Durability</strong>: High-quality leather shoes can last for years if maintained properly.</li>\r\n<li><strong>Breathability</strong>: Natural leather allows air circulation, preventing sweat buildup.</li>\r\n<li><strong>Aesthetic Appeal</strong>: Leather shoes enhance both formal and casual looks.</li>\r\n<li><strong>Comfort</strong>: Over time, leather molds to the shape of your feet, providing a custom fit.</li>\r\n<li><strong>Versatility</strong>: Available in various styles suitable for business, casual, or formal wear.</li>\r\n</ul>\r\n<h3><strong>Maintenance Tips</strong></h3>\r\n<ul>\r\n<li><strong>Cleaning</strong>: Use a damp cloth and leather cleaner to remove dirt.</li>\r\n<li><strong>Conditioning</strong>: Apply leather conditioner to prevent drying and cracking.</li>\r\n<li><strong>Polishing</strong>: Regular polishing maintains shine and protects the leather.</li>\r\n<li><strong>Storage</strong>: Keep in a cool, dry place with shoe trees to maintain shape.</li>\r\n</ul>\r\n', 1400, '10014', 'Active'),
(17, 1, 6, 5, 'PlayStation 5 (PS5)', 'The PlayStation 5 (PS5) is a ninth-generation home video game console featuring a custom AMD Zen 2 CPU and RDNA 2-based GPU, supporting 4K resolution at 120 frames per second with ray tracing capabilities. It utilizes a custom high-speed SSD for significantly faster loading times, and the DualSense controller introduces haptic feedback and adaptive triggers for enhanced immersion. The console offers backwards compatibility with most PS4 games and comes in two models: a standard version with an Ultra HD Blu-ray disc drive and a Digital Edition without a disc drive.', '<p>Here are the full specifications for the <strong>PlayStation 5 (PS5):</strong></p>\r\n<h3><strong>Hardware Specifications</strong></h3>\r\n<ul>\r\n<li><strong>CPU:</strong> AMD Ryzen™ “Zen 2” (8 cores, 16 threads) | Up to 3.5 GHz (Variable Frequency)</li>\r\n<li><strong>GPU:</strong> AMD Radeon™ RDNA 2 | Up to 2.23 GHz (10.3 TFLOPS) | Ray Tracing Acceleration</li>\r\n<li><strong>Memory:</strong> 16GB GDDR6 RAM | 448GB/s Bandwidth</li>\r\n<li><strong>Storage:</strong> 825GB SSD | 5.5GB/s Read Bandwidth (Raw)</li>\r\n<li><strong>Optical Drive:</strong> Ultra HD Blu-ray (Supports up to 100GB discs)</li>\r\n</ul>\r\n<h3><strong>Performance &amp; Display</strong></h3>\r\n<ul>\r\n<li><strong>Resolution Support:</strong> Up to 8K | 4K at 120Hz | Variable Refresh Rate (VRR) via HDMI 2.1</li>\r\n<li><strong>Game Disc Format:</strong> Ultra HD Blu-ray</li>\r\n<li><strong>Audio:</strong> “Tempest” 3D AudioTech for immersive sound</li>\r\n</ul>\r\n<h3><strong>Connectivity &amp; Ports</strong></h3>\r\n<ul>\r\n<li><strong>USB Ports:</strong> 1x USB Type-A (Hi-Speed), 2x USB Type-A (Super-Speed 10Gbps), 1x USB Type-C (Super-Speed 10Gbps)</li>\r\n<li><strong>Networking:</strong> Ethernet, Wi-Fi 6 (802.11ax), Bluetooth 5.1</li>\r\n</ul>\r\n<h3><strong>Physical Dimensions &amp; Power</strong></h3>\r\n<ul>\r\n<li><strong>Size:</strong> 390mm × 104mm × 260mm (Standard Edition) | 390mm × 92mm × 260mm (Digital Edition)</li>\r\n<li><strong>Weight:</strong> 4.5kg (Standard Edition) | 3.9kg (Digital Edition)</li>\r\n<li><strong>Power Consumption:</strong> 350W (Standard Edition) | 340W (Digital Edition)</li>\r\n</ul>\r\n<h3><strong>DualSense Controller Features</strong></h3>\r\n<ul>\r\n<li><strong>Adaptive Triggers</strong> with haptic feedback for realistic sensations</li>\r\n<li><strong>Six-axis motion sensing</strong> (gyroscope + accelerometer)</li>\r\n<li><strong>Built-in microphone and speaker</strong></li>\r\n<li><strong>USB-C charging</strong> and <strong>3.5mm headphone jack</strong></li>\r\n<li><strong>Battery Life:</strong> Improved over DualShock 4</li>\r\n</ul>\r\n<h3><strong>Additional Accessories &amp; Features</strong></h3>\r\n<ul>\r\n<li><strong>PS VR2 Compatibility</strong> for virtual reality gaming</li>\r\n<li><strong>PS5 Digital Edition</strong> (Same specs but lacks a disc drive)</li>\r\n<li><strong>Backward Compatibility:</strong> Supports most PS4 games</li>\r\n</ul>\r\n<p>For more details, visit <a href=\"https://www.psu.com\" target=\"_self\">PlayStation Universe</a> and <a href=\"https://www.bestbuy.com\" target=\"_self\">Best Buy</a> (<a href=\"https://www.psu.com/news/sony-ps5-release-date-price-faq-specs-psvr2-backwards-compatibility/\" target=\"_self\">Sony PS5 Complete Guide - Everything Explained About PlayStation 5 For New Owners In 2024 - PlayStation Universe</a>) (<a href=\"https://www.bestbuy.com/site/video-games/playstation-5/pcmcat1572034351415.c?id=pcmcat1572034351415\" target=\"_self\">Sony PlayStation 5: PS5 - Best Buy</a>).</p>\r\n', 8900, '10015', 'Active'),
(18, 1, 1, 3, 'Samsung Smart TV', 'Samsung Smart TVs range from entry-level HD to high-end 8K models, utilizing LED, QLED, or Neo QLED display technologies for vibrant colors and sharp images, and are powered by the Tizen operating system for access to streaming apps and smart home integration. 1  They typically feature multiple HDMI and USB ports, built-in Wi-Fi and Bluetooth connectivity, and voice control capabilities through Bixby or compatibility with other virtual assistants. 2 ', '<h3><strong>Samsung Smart TV 2024 - Full Specifications and Details</strong></h3>\r\n<p>Samsung’s 2024 Smart TV lineup includes a variety of models featuring <strong>OLED, QLED, Neo QLED, and 8K technology</strong>. Below is a breakdown of the key specifications and features:</p>\r\n<h3><strong>1. Display Technology</strong></h3>\r\n<ul>\r\n<li></li>\r\n</ul>\r\n<p><strong>OLED TVs (S90D, S95D)</strong></p>\r\n<ul>\r\n<li>Uses <strong>QD-OLED</strong> panels for improved brightness and color accuracy.</li>\r\n<li>Features <strong>OLED Glare-Free technology</strong> (S95D) for better viewing in bright environments.</li>\r\n<li><strong>144Hz refresh rate</strong> for smooth gaming performance.</li>\r\n<li>Supports <strong>HDR10+, HLG</strong> for high dynamic range content.</li>\r\n<ul>\r\n<li></li>\r\n</ul>\r\n</ul>\r\n<p><strong>Neo QLED TVs (QN900D, QN800D, QN95D, QN90D, QN85D)</strong></p>\r\n<ul>\r\n<li>Uses <strong>Mini LED backlighting</strong> for better contrast and local dimming.</li>\r\n<li>Supports <strong>8K (QN900D, QN800D) and 4K (QN95D, QN90D, QN85D) resolutions</strong>.</li>\r\n<li>Features <strong>Quantum HDR</strong> for superior brightness and color depth.</li>\r\n<ul>\r\n<li></li>\r\n</ul>\r\n</ul>\r\n<p><strong>QLED TVs (Q80D, Q70D, Q60D)</strong></p>\r\n<ul>\r\n<li><strong>Quantum Dot technology</strong> for enhanced color reproduction.</li>\r\n<li>Available in <strong>4K UHD resolution</strong>.</li>\r\n<li>Supports <strong>Direct Full Array</strong> backlighting for improved contrast.</li>\r\n<ul>\r\n<li></li>\r\n</ul>\r\n</ul>\r\n<p><strong>Crystal UHD TVs</strong></p>\r\n<ul>\r\n<li>Entry-level 4K models with <strong>PurColor technology</strong>.</li>\r\n<li>Edge-lit LED panels with <strong>Auto Motion Plus</strong> for smoother motion.</li>\r\n</ul>\r\n<h3><strong>2. Smart Features &amp; Software</strong></h3>\r\n<ul>\r\n<li>Powered by <strong>Tizen OS 2024</strong> with:<br></li>\r\n<ul>\r\n<li><strong>Personalized User Profiles</strong>.</li>\r\n<li>Built-in <strong>Samsung Gaming Hub</strong> (supports Xbox Cloud Gaming, Nvidia GeForce Now).</li>\r\n<li><strong>AI-powered Smart Calibration</strong> for picture adjustments.</li>\r\n<li><strong>Samsung Knox Security</strong> for privacy protection.</li>\r\n<li>Access to <strong>Samsung TV Plus</strong> (free streaming channels).</li>\r\n</ul>\r\n</ul>\r\n<h3><strong>3. Audio &amp; Sound System</strong></h3>\r\n<ul>\r\n<li><strong>Object Tracking Sound+ (OTS+)</strong> with <strong>Dolby Atmos</strong> support.</li>\r\n<li><strong>Adaptive Sound+</strong> enhances audio based on room acoustics.</li>\r\n<li>Select models feature <strong>built-in subwoofers</strong> for better bass performance.</li>\r\n</ul>\r\n<h3><strong>4. Connectivity &amp; Ports</strong></h3>\r\n<ul>\r\n<li><strong>HDMI 2.1 (up to 4 ports)</strong> for 4K 120Hz gaming.</li>\r\n<li><strong>Wi-Fi 6E &amp; Bluetooth 5.2</strong> for faster wireless connections.</li>\r\n<li><strong>USB 3.0 &amp; Ethernet ports</strong> for wired connectivity.</li>\r\n<li><strong>eARC support</strong> for high-fidelity audio passthrough.</li>\r\n</ul>\r\n<h3><strong>5. Additional Features</strong></h3>\r\n<ul>\r\n<li><strong>One Connect Box</strong> (available on select models) for cleaner cable management.</li>\r\n<li><strong>Slim, Bezel-less Design</strong> with ultra-thin profiles.</li>\r\n<li><strong>AI-powered 4K &amp; 8K upscaling</strong> for better image quality.</li>\r\n</ul>\r\n<h3><strong>Samsung Lifestyle TVs</strong></h3>\r\n<ul>\r\n<li><strong>The Frame (LS03D)</strong>: Customizable design that displays artwork when not in use.</li>\r\n<li><strong>The Serif &amp; The Sero</strong>: Unique form factors designed for aesthetics.</li>\r\n</ul>\r\n', 15000, '10015', 'Active'),
(19, 1, 1, 3, 'Samsung Galaxy S24 Ultra', 'The Samsung Galaxy S24 Ultra boasts a titanium frame, a 6.8-inch Dynamic AMOLED 2X display with a 120Hz adaptive refresh rate, and is powered by the Snapdragon 8 Gen 3 for Galaxy processor. 1  It features a quad rear camera setup, including a 200MP main sensor, a 12MP ultra-wide lens, a 10MP telephoto lens with 3x optical zoom, and a 50MP telephoto lens with 5x optical zoom, alongside a 12MP front-facing camera.', '<p>The <strong>Samsung Galaxy S24 Ultra</strong> comes with high-end specifications, making it one of the most powerful smartphones of 2024. Here are the full details:</p>\r\n<h3><strong>Display</strong></h3>\r\n<ul>\r\n<li><strong>Size:</strong> 6.8 inches, Dynamic AMOLED 2X</li>\r\n<li><strong>Resolution:</strong> 1440 x 3088 pixels (QHD+)</li>\r\n<li><strong>Refresh Rate:</strong> 1-120Hz Adaptive Refresh Rate</li>\r\n<li><strong>Brightness:</strong> 2600 nits peak brightness</li>\r\n<li><strong>Protection:</strong> Corning Gorilla Glass Armor</li>\r\n</ul>\r\n<h3><strong>Performance</strong></h3>\r\n<ul>\r\n<li><strong>Chipset:</strong> Qualcomm Snapdragon 8 Gen 3 (4 nm)</li>\r\n<li><strong>CPU:</strong> Octa-core (1x3.39 GHz Cortex-X4 &amp; 5x3.15 GHz Cortex-A720 &amp; 2x2.27 GHz Cortex-A520)</li>\r\n<li><strong>GPU:</strong> Adreno 750</li>\r\n</ul>\r\n<h3><strong>Memory &amp; Storage</strong></h3>\r\n<ul>\r\n<li><strong>RAM:</strong> 12GB</li>\r\n<li><strong>Storage Options:</strong> 256GB, 512GB, 1TB (UFS 4.0)</li>\r\n<li><strong>Expandable Storage:</strong> No</li>\r\n</ul>\r\n<h3><strong>Camera System</strong></h3>\r\n<h4><strong>Rear Cameras: Quad Setup</strong></h4>\r\n<ul>\r\n<li><strong>Main Sensor:</strong> 200 MP, f/1.7, OIS</li>\r\n<li><strong>Telephoto:</strong> 10 MP, f/2.4, 3x optical zoom</li>\r\n<li><strong>Periscope Telephoto:</strong> 50 MP, f/3.4, 5x optical zoom</li>\r\n<li><strong>Ultrawide:</strong> 12 MP, f/2.2, 120˚ field of view</li>\r\n<li><strong>Video Recording:</strong> 8K at 24/30fps, 4K at 30/60/120fps, 1080p at 30/60/240fps</li>\r\n</ul>\r\n<h4><strong>Front Camera</strong></h4>\r\n<ul>\r\n<li><strong>Resolution:</strong> 12 MP, f/2.2</li>\r\n<li><strong>Features:</strong> Dual Pixel PDAF, 4K at 30/60fps, 1080p at 30fps</li>\r\n</ul>\r\n<h3><strong>Battery &amp; Charging</strong></h3>\r\n<ul>\r\n<li><strong>Capacity:</strong> 5000 mAh</li>\r\n<li><strong>Wired Charging:</strong> 45W fast charging (65% in 30 minutes)</li>\r\n<li><strong>Wireless Charging:</strong> 15W (Qi/PMA)</li>\r\n<li><strong>Reverse Wireless Charging:</strong> 4.5W</li>\r\n</ul>\r\n<h3><strong>Software &amp; Features</strong></h3>\r\n<ul>\r\n<li><strong>Operating System:</strong> Android 14 with One UI 6.1</li>\r\n<li><strong>Software Updates:</strong> 7 years of OS &amp; security updates</li>\r\n<li><strong>AI Features:</strong> Live Translate, Note Assist, Generative Edit</li>\r\n</ul>\r\n<h3><strong>Connectivity &amp; Other Features</strong></h3>\r\n<ul>\r\n<li><strong>SIM:</strong> Dual SIM (Nano-SIM &amp; eSIM)</li>\r\n<li><strong>5G:</strong> Yes, NSA/SA</li>\r\n<li><strong>Wi-Fi:</strong> Wi-Fi 7, Wi-Fi 6E</li>\r\n<li><strong>Bluetooth:</strong> 5.3</li>\r\n<li><strong>USB:</strong> USB Type-C 3.2</li>\r\n<li><strong>NFC:</strong> Yes</li>\r\n<li><strong>Security:</strong> Ultrasonic Fingerprint Scanner (under-display), Face Unlock</li>\r\n<li><strong>Stylus:</strong> Built-in S Pen</li>\r\n</ul>\r\n<h3><strong>Build &amp; Design</strong></h3>\r\n<ul>\r\n<li><strong>Frame:</strong> Titanium</li>\r\n<li><strong>Water &amp; Dust Resistance:</strong> IP68 (up to 1.5m for 30 min)</li>\r\n<li><strong>Weight:</strong> 232g</li>\r\n<li><strong>Colors:</strong> Titanium Black, Titanium Gray, Titanium Violet, Titanium Yellow</li>\r\n</ul>\r\n<h3><strong>Price &amp; Availability</strong></h3>\r\n<ul>\r\n<li><strong>Release Date:</strong> January 2024</li>\r\n<li><strong>Price:</strong></li>\r\n<ul>\r\n<li><strong>12GB/256GB:</strong> ~$999.60</li>\r\n<li><strong>12GB/512GB:</strong> ~$1,324.97</li>\r\n<li><strong>12GB/1TB:</strong> Varies</li>\r\n</ul>\r\n</ul>\r\n<p>For more details, you can check <strong>Samsung\'s official website</strong> or sources like <strong>MobilityArena</strong> and <strong>SamMobile</strong>  (<a href=\"https://mobilityarena.com/samsung-galaxy-s24-ultra-full-phone-specs/\" target=\"_self\">Samsung Galaxy S24 Ultra: Full phone specifications (US) - MobilityArena</a>) (<a href=\"https://www.sammobile.com/samsung/galaxy-s24-ultra/specs/\" target=\"_self\">Samsung Galaxy S24 Ultra full device specifications - SamMobile</a>) (<a href=\"https://www.samsung.com/uk/smartphones/galaxy-s24-ultra/specs/\" target=\"_self\">Specs | Samsung Galaxy S24 Ultra | Samsung UK</a>).</p>\r\n', 19000, '10016', 'Active'),
(20, 1, 8, 5, ' Sony Speakers', 'Sony speakers encompass a broad spectrum, from portable Bluetooth models to high-fidelity home theater systems, characterized by their diverse audio technologies and design aesthetics. They often feature proprietary drivers and sound processing algorithms like Extra Bass or ClearAudio+ to enhance sound clarity and depth, while also incorporating features like wireless connectivity, water resistance (in portable models), and multi-room audio capabilities. 1  Sony\'s range includes soundbars, bookshelf speakers, and subwoofers, aiming to provide a comprehensive audio experience with varying levels of sophistication and power output.', '<p>Here are the full specifications for the <strong>Sony SRS-XP700 X-Series Portable Wireless Speaker</strong>:</p>\r\n<h3><strong>Sound</strong></h3>\r\n<ul>\r\n<li><strong>Speaker Size</strong>:<br></li>\r\n<ul>\r\n<li>Front Tweeters: 6 cm × 3</li>\r\n<li>Rear Tweeter: 5 cm × 1</li>\r\n<li>Woofers: 17 cm × 2</li>\r\n</ul>\r\n<li><strong>Sound Modes</strong>: Clear Audio+, DSEE, LIVE SOUND, Omnidirectional Party Sound</li>\r\n<li><strong>Mega Bass</strong>: Enhanced bass feature for deeper sound</li>\r\n</ul>\r\n<h3><strong>Size &amp; Weight</strong></h3>\r\n<ul>\r\n<li><strong>Dimensions</strong>: 313 mm × 693 mm × 367 mm</li>\r\n<li><strong>Weight</strong>: 16.9 kg</li>\r\n</ul>\r\n<h3><strong>Battery &amp; Power</strong></h3>\r\n<ul>\r\n<li><strong>Battery Life</strong>: Up to 25 hours</li>\r\n<li><strong>Charging</strong>: Quick Charge (10 minutes charge = 3 hours playtime)</li>\r\n<li><strong>Battery Care Feature</strong>: Protects battery from overcharging</li>\r\n</ul>\r\n<h3><strong>Bluetooth &amp; Connectivity</strong></h3>\r\n<ul>\r\n<li><strong>Supported Codecs</strong>: SBC, AAC, LDAC</li>\r\n<li><strong>Inputs</strong>:<br></li>\r\n<ul>\r\n<li>Stereo Mini Jack (IN)</li>\r\n<li>USB-A</li>\r\n<li>Microphone Input (6.3mm)</li>\r\n<li>Guitar Input (6.3mm)</li>\r\n</ul>\r\n<li><strong>USB Charging</strong>: Can charge other devices</li>\r\n</ul>\r\n<h3><strong>Durability</strong></h3>\r\n<ul>\r\n<li><strong>Water Resistance</strong>: IPX4 (splash-proof)</li>\r\n</ul>\r\n<h3><strong>Special Features</strong></h3>\r\n<ul>\r\n<li><strong>Live Sound Mode</strong>: Simulates live music experience</li>\r\n<li><strong>Omnidirectional Party Sound</strong>: Full-range audio for all directions</li>\r\n<li><strong>Lighting Effects</strong>: Multiple ambient lighting patterns</li>\r\n<li><strong>Party Connect</strong>: Sync up to 100 speakers</li>\r\n<li><strong>Sony | Music Center App</strong>: Controls audio, lighting, and settings via smartphone</li>\r\n</ul>\r\n<h3><strong>Portability &amp; Design</strong></h3>\r\n<ul>\r\n<li><strong>Flexible Placement</strong>: Can be used upright or on its side</li>\r\n<li><strong>Carrying Handle</strong>: Easy to transport</li>\r\n</ul>\r\n<p>For more details, you can visit <a href=\"https://www.sony-asia.com\" target=\"_self\">Sony’s official website</a> (<a href=\"https://www.sony-asia.com/electronics/wireless-speakers/srs-xp700/specifications\" target=\"_self\">SRS-XP700 Specifications | All Wireless Speakers | Sony Asia Pacific</a>). Let me know if you need help comparing models!</p>\r\n', 16000, '10016', 'Active'),
(21, 1, 10, 2, 'Starlink Internet Kit', 'The Starlink Internet Kit provides satellite-based internet access through a user terminal (dishy) and Wi-Fi router, designed for areas with limited terrestrial connectivity. 1  It includes a self-orienting phased-array antenna that connects to a network of low-Earth orbit satellites, a power supply, and cabling. 2  The system aims for high-speed, low-latency internet, though performance can vary based on weather conditions and satellite coverage. 3  Installation involves mounting the dish with a clear view of the sky and connecting the provided router for Wi-Fi access', '<p>The <strong>Starlink Internet Kit</strong> consists of a user terminal (dish), a Wi-Fi router, a power supply, and a mounting tripod. It enables satellite-based internet connectivity, primarily designed for areas with limited or no access to traditional broadband services.</p>\r\n<h3><strong>Key Specifications:</strong></h3>\r\n<ul>\r\n<li><strong>Download Speeds:</strong> Typically between <strong>25 to 220 Mbps</strong>, with most users experiencing speeds over <strong>100 Mbps</strong>.</li>\r\n<li><strong>Upload Speeds:</strong> Generally <strong>5 to 20 Mbps</strong>.</li>\r\n<li><strong>Latency:</strong> Ranges between <strong>25 to 60 ms</strong> on land and <strong>100+ ms</strong> in remote locations (e.g., oceans, islands, polar regions).</li>\r\n<li><strong>Service Plans:</strong></li>\r\n<ul>\r\n<li><strong>Standard (Fixed):</strong> 25-100 Mbps download, 5-10 Mbps upload, 25-60 ms latency.</li>\r\n<li><strong>Priority (Fixed):</strong> 40-220 Mbps download, 8-25 Mbps upload, 25-60 ms latency.</li>\r\n<li><strong>Mobile (Mobility):</strong> 5-50 Mbps download, 2-10 Mbps upload, &lt;99 ms latency.</li>\r\n<li><strong>Mobile Priority (Mobility):</strong> 40-220 Mbps download, 8-25 Mbps upload, &lt;99 ms latency.</li>\r\n</ul>\r\n<li><strong>Hardware &amp; Connectivity:</strong></li>\r\n<ul>\r\n<li>The dish requires a <strong>clear view of the sky</strong> to function optimally.</li>\r\n<li><strong>Wi-Fi Router:</strong> Supports dual-band Wi-Fi for indoor connectivity.</li>\r\n<li><strong>Power Usage:</strong> Varies by kit version, typically <strong>50-100W</strong>.</li>\r\n<li>Can be powered by <strong>AC mains or DC with an adapter</strong> for mobile applications.</li>\r\n</ul>\r\n<li><strong>Durability:</strong> Designed to last <strong>12 to 24 months</strong> if properly maintained.</li>\r\n<li><strong>Firmware Updates:</strong> Automatic updates from SpaceX to improve performance.</li>\r\n<li><strong>Interference Sensitivity:</strong> Performance can be affected by obstacles, extreme weather, and network congestion.</li>\r\n</ul>\r\n<p>For more detailed information, visit Starlink’s official specifications page: <a href=\"https://www.starlink.com/legal/documents/DOC-1400-28829-70\" target=\"_self\">Starlink Official Site</a> (<a href=\"https://www.starlink.com/legal/documents/DOC-1400-28829-70\" target=\"_self\">Starlink Specifications - Starlink</a>).</p>\r\n', 8000, '10017', 'Active'),
(22, 1, 9, 7, 'Janet Suits', 'A suit typically comprises a jacket and trousers made from matching fabric, designed for formal or semi-formal occasions. The jacket, structured with padded shoulders and a tailored waist, features lapels, buttons, and pockets, while the trousers are creased and designed to drape smoothly. Suit fabrics range from wool and linen to synthetic blends, with variations in weave, weight, and pattern. Fit is crucial, with attention to shoulder width, chest circumference, sleeve length, and trouser waist and inseam. Quality suits exhibit meticulous stitching, durable linings, and well-constructed buttonholes, reflecting craftsmanship and longevity.', '<p>A <strong>suit</strong> is a formal ensemble consisting of a jacket and matching trousers (or skirt for women), typically made from the same fabric. Here are the full specifications of a high-quality suit:</p>\r\n<h3><strong>1. Fabric &amp; Material</strong></h3>\r\n<ul>\r\n<li><strong>Common Materials:</strong> Wool, Cotton, Linen, Polyester, Silk, Velvet, Tweed, Cashmere</li>\r\n<li><strong>Weave Types:</strong> Twill, Herringbone, Houndstooth, Sharkskin, Flannel</li>\r\n<li><strong>Weight:</strong></li>\r\n<ul>\r\n<li>Lightweight (150-250 g/m²) – suitable for summer</li>\r\n<li>Medium weight (250-350 g/m²) – all-season wear</li>\r\n<li>Heavyweight (350+ g/m²) – winter suits</li>\r\n</ul>\r\n</ul>\r\n<h3><strong>2. Jacket Specifications</strong></h3>\r\n<ul>\r\n<li><strong>Style:</strong> Single-Breasted (1, 2, or 3 buttons) or Double-Breasted (4, 6, or 8 buttons)</li>\r\n<li><strong>Lapels:</strong> Notch, Peak, or Shawl</li>\r\n<li><strong>Fit Types:</strong> Classic, Slim, Modern, or Tailored Fit</li>\r\n<li><strong>Vent Types:</strong> Single Vent, Double Vent, No Vent</li>\r\n<li><strong>Pockets:</strong></li>\r\n<ul>\r\n<li>Outside: Flap, Jetted, Patch</li>\r\n<li>Inside: Usually 2-4 pockets for storage</li>\r\n</ul>\r\n<li><strong>Shoulders:</strong> Soft (Unstructured) or Padded (Structured)</li>\r\n<li><strong>Buttons:</strong> Plastic, Horn, Metal, or Mother of Pearl</li>\r\n<li><strong>Lining:</strong> Fully Lined, Half Lined, or Unlined (often made of polyester, silk, or viscose)</li>\r\n</ul>\r\n<h3><strong>3. Trousers Specifications</strong></h3>\r\n<ul>\r\n<li><strong>Fit:</strong> Slim, Regular, or Relaxed Fit</li>\r\n<li><strong>Pleats:</strong> Flat Front, Single Pleat, or Double Pleats</li>\r\n<li><strong>Waistband:</strong> With or Without Belt Loops (can include side adjusters or suspenders)</li>\r\n<li><strong>Pockets:</strong> Side Pockets (slanted or vertical), Back Pockets (buttoned or unbuttoned)</li>\r\n<li><strong>Hem Style:</strong> Cuffed or Plain Hem</li>\r\n</ul>\r\n<h3><strong>4. Additional Suit Elements</strong></h3>\r\n<ul>\r\n<li><strong>Vest (Optional for 3-Piece Suit):</strong> Matching or Contrasting</li>\r\n<li><strong>Accessories:</strong> Tie, Pocket Square, Cufflinks, Lapel Pin</li>\r\n</ul>\r\n<h3><strong>5. Colors &amp; Patterns</strong></h3>\r\n<ul>\r\n<li><strong>Solid Colors:</strong> Black, Navy, Gray, Charcoal, Brown, White</li>\r\n<li><strong>Patterns:</strong> Pinstripe, Checkered, Windowpane, Glen Plaid</li>\r\n</ul>\r\n<p>Would you like recommendations for specific brands or occasions (business, casual, wedding, etc.)?</p>\r\n', 3100, '10017', 'Active'),
(23, 1, 4, 2, '2024 Tesla Model S', 'Tesla \"saloon cars\" (referring to their sedan models like the Model S and Model 3) are electric vehicles characterized by their sleek, minimalist design, advanced autonomous driving capabilities (Autopilot and Full Self-Driving), and high-performance electric powertrains. 1  They feature large touchscreen displays for infotainment and vehicle controls, over-the-air software updates for continuous improvement, and long-range battery options. 1  Known for their rapid acceleration and supercharging network, Tesla sedans prioritize efficiency, technology, and a premium electric driving experience', '<p>Here are the full specifications for the <strong>2024 Tesla Model S</strong>, one of Tesla\'s premier electric sedans:</p>\r\n<h3><strong>Performance &amp; Powertrain</strong></h3>\r\n<ul>\r\n<li><strong>Drivetrain</strong>: All-wheel drive (AWD)</li>\r\n<li><strong>Motor Configuration</strong>:<br></li>\r\n<ul>\r\n<li><strong>Dual Motor Model S</strong>: 670 hp</li>\r\n<li><strong>Plaid Model S</strong>: 1,020 hp (Tri-Motor)</li>\r\n</ul>\r\n<li><strong>0-60 mph Acceleration</strong>:<br></li>\r\n<ul>\r\n<li><strong>Dual Motor Model S</strong>: ~3.1 seconds</li>\r\n<li><strong>Plaid Model S</strong>: 1.99 seconds</li>\r\n</ul>\r\n<li><strong>Transmission</strong>: 1-speed direct drive</li>\r\n<li><strong>Top Speed</strong>:<br></li>\r\n<ul>\r\n<li><strong>Dual Motor Model S</strong>: 149 mph</li>\r\n<li><strong>Plaid Model S</strong>: 200 mph</li>\r\n</ul>\r\n</ul>\r\n<h3><strong>Battery &amp; Charging</strong></h3>\r\n<ul>\r\n<li><strong>Battery Capacity</strong>: Estimated ~100 kWh</li>\r\n<li><strong>EPA Estimated Range</strong>:<br></li>\r\n<ul>\r\n<li><strong>Dual Motor Model S</strong>: 402 miles</li>\r\n<li><strong>Plaid Model S</strong>: 359 miles</li>\r\n</ul>\r\n<li><strong>Charging Speed</strong>:<br></li>\r\n<ul>\r\n<li><strong>Supercharger Max Rate</strong>: 250 kW</li>\r\n<li><strong>Home Charging (240V)</strong>: ~15 hours for a full charge</li>\r\n</ul>\r\n</ul>\r\n<h3><strong>Exterior &amp; Dimensions</strong></h3>\r\n<ul>\r\n<li><strong>Overall Length</strong>: 197.7 in.</li>\r\n<li><strong>Overall Width</strong>: 78.2 in. (without mirrors), 86.2 in. (with mirrors)</li>\r\n<li><strong>Height</strong>: 56.3 in.</li>\r\n<li><strong>Wheelbase</strong>: 116.5 in.</li>\r\n<li><strong>Ground Clearance</strong>: 5.0 in.</li>\r\n<li><strong>Curb Weight</strong>:<br></li>\r\n<ul>\r\n<li>Dual Motor Model S: 4,560 lbs</li>\r\n<li>Plaid Model S: 4,776 lbs</li>\r\n</ul>\r\n</ul>\r\n<h3><strong>Wheels &amp; Tires</strong></h3>\r\n<ul>\r\n<li><strong>Standard Wheel Size</strong>: 19 inches (optional 21-inch wheels available)</li>\r\n<li><strong>Tire Sizes</strong>:<br></li>\r\n<ul>\r\n<li>Front: 255/45R19</li>\r\n<li>Rear: 285/40R19</li>\r\n</ul>\r\n<li><strong>Wheel Type</strong>: Alloy wheels</li>\r\n</ul>\r\n<h3><strong>Interior &amp; Comfort</strong></h3>\r\n<ul>\r\n<li><strong>Seating Capacity</strong>: 5 passengers</li>\r\n<li><strong>Upholstery</strong>: Leatherette</li>\r\n<li><strong>Front Headroom</strong>: 39.7 in.</li>\r\n<li><strong>Front Legroom</strong>: 42.4 in.</li>\r\n<li><strong>Rear Headroom</strong>: 38.1 in.</li>\r\n<li><strong>Rear Legroom</strong>: 35.5 in.</li>\r\n<li><strong>Cargo Space</strong>: 28.1 cubic feet</li>\r\n<li><strong>Heated &amp; Ventilated Seats</strong>: Standard</li>\r\n<li><strong>Panoramic Glass Roof</strong>: Standard</li>\r\n</ul>\r\n<h3><strong>Technology &amp; Features</strong></h3>\r\n<ul>\r\n<li><strong>Autopilot &amp; Full Self-Driving (Optional)</strong></li>\r\n<li><strong>Adaptive Cruise Control</strong></li>\r\n<li><strong>Tesla Infotainment System</strong>:<br></li>\r\n<ul>\r\n<li>17-inch touchscreen</li>\r\n<li>Premium sound system</li>\r\n<li>Wireless gaming (with controller support)</li>\r\n</ul>\r\n<li><strong>Navigation</strong>: Standard</li>\r\n<li><strong>Keyless Entry &amp; Start</strong>: Standard</li>\r\n<li><strong>Over-the-Air (OTA) Software Updates</strong></li>\r\n</ul>\r\n<h3><strong>Safety</strong></h3>\r\n<ul>\r\n<li><strong>Autonomous Emergency Braking</strong></li>\r\n<li><strong>Collision Avoidance System</strong></li>\r\n<li><strong>Surround Camera System</strong></li>\r\n<li><strong>Lane Keeping Assist</strong></li>\r\n<li><strong>Adaptive Headlights</strong></li>\r\n</ul>\r\n<h3><strong>Pricing &amp; Ownership Costs</strong></h3>\r\n<ul>\r\n<li><strong>Base Price</strong>:<br></li>\r\n<ul>\r\n<li>Dual Motor Model S: ~$88,490</li>\r\n<li>Plaid Model S: ~$108,490</li>\r\n</ul>\r\n<li><strong>5-Year Cost to Own</strong>: Estimated $97,006–$114,003</li>\r\n<li><strong>Warranty</strong>:<br></li>\r\n<ul>\r\n<li><strong>Standard Vehicle Warranty</strong>: 4 years / 50,000 miles</li>\r\n<li><strong>Battery &amp; Drive Unit Warranty</strong>: 8 years / 150,000 miles</li>\r\n</ul>\r\n</ul>\r\n<p>For more details, you can check out the full specifications on <a href=\"https://www.edmunds.com\" target=\"_self\">Edmunds</a> and <a href=\"https://www.carweek.com\" target=\"_self\">CarWeek</a> (<a href=\"https://www.edmunds.com/tesla/model-s/2024/trims/\" target=\"_self\">2024 Tesla Model S Sedan Trims Comparison | Edmunds</a>) (<a href=\"https://www.carweek.com/research/tesla/model-s/2024\" target=\"_self\">2024 Tesla Model S Specs, Review, Pricing &amp; Photos</a>).</p>\r\n', 506000, '10018', 'Active');
INSERT INTO `products` (`id`, `userid`, `category`, `brand`, `name`, `description`, `specification`, `price`, `sku`, `status`) VALUES
(24, 1, 7, 3, 'Samsung Front Load Washing Machine', 'Samsung washing machines span a range of models, from top-loading to front-loading, typically featuring digital inverter technology for energy efficiency and quiet operation, and often incorporating features like steam cleaning, self-cleaning cycles, and multiple wash programs tailored to various fabric types.  Many models include smart technology, such as Wi-Fi connectivity for remote control and monitoring, and utilize innovative washing technologies like AquaJet or SuperSpeed to enhance cleaning performance and reduce wash times. 1  They offer varying drum capacities, spin speeds, and energy efficiency ratings to cater to diverse laundry needs', '<p>Here are the full specifications for some of the latest <strong>Samsung washing machines</strong>, including the <strong>Samsung WW12CGP44DSH/TC 12kg Front Load Washer</strong> and the <strong>Samsung Bespoke AI Laundry Combo</strong>:</p>\r\n<h3><strong>Samsung WW12CGP44DSH/TC 12kg Front Load Washer</strong></h3>\r\n<ul>\r\n<li><strong>Capacity</strong>: 12 kg</li>\r\n<li><strong>Type</strong>: Front Load</li>\r\n<li><strong>Inverter Technology</strong>: Yes (Energy-efficient motor for quieter operation)</li>\r\n<li><strong>Bubble Soak &amp; Bubble Shot Technology</strong>: Helps remove tough stains by penetrating detergent deep into the fabric</li>\r\n<li><strong>EcoBubble Technology</strong>: Creates bubbles to clean clothes effectively at lower temperatures</li>\r\n<li><strong>AI Control</strong>: Smart washing with personalized settings</li>\r\n<li><strong>Hygiene Steam Cycle</strong>: Eliminates bacteria and allergens</li>\r\n<li><strong>Drum Clean+</strong>: Keeps the drum fresh without using harsh chemicals</li>\r\n<li><strong>Energy Efficiency</strong>: High rating for reduced power consumption</li>\r\n<li><strong>Connectivity</strong>: SmartThings app support for remote control</li>\r\n</ul>\r\n<h3><strong>Samsung Bespoke AI Laundry Combo</strong></h3>\r\n<ul>\r\n<li><strong>Washer &amp; Dryer Combo</strong>: No need to transfer laundry between machines</li>\r\n<li><strong>Bubble Shot Technology</strong>: Sprays soapy water into clothes for better detergent penetration</li>\r\n<li><strong>Energy Efficiency</strong>: 20% better than Class A standard</li>\r\n<li><strong>Heat Pump Drying</strong>: Ensures gentle drying at lower temperatures to prevent shrinkage</li>\r\n<li><strong>Smart Display</strong>: 7-inch touchscreen for controlling wash cycles and smart home integration</li>\r\n<li><strong>AI-powered Features</strong>: Bixby voice assistant for easy control, AI Energy Mode for power savings</li>\r\n<li><strong>SmartThings Integration</strong>: Remote control via Samsung’s SmartThings app</li>\r\n</ul>\r\n<p>Samsung also launched the <strong>Bespoke AI Washer</strong>, which is 55% more energy efficient than standard Class A washers. It includes <strong>Ecobubble and AI algorithms</strong> for intelligent washing adjustments (<a href=\"https://www.sammobile.com/news/samsung-bespoke-ai-washing-machines-dishwasher-launched-ifa-2024/\" target=\"_self\">Samsung launches new Bespoke AI dishwasher, washing machines - SamMobile</a>).</p>\r\n<p>For more details, you can check out Samsung\'s official website or retail listings (<a href=\"https://ansons.ph/product/samsung-ww12cgp44dsh-tc-12kg-front-load-washing-machine-2024/\" target=\"_self\">Samsung WW12CGP44DSH/TC 12kg. Front Load Washing Machine - 2024 - Ansons</a>). Let me know if you need specifications for any specific model!</p>\r\n', 1200, '10019', 'Active');

-- --------------------------------------------------------

--
-- Table structure for table `product_images`
--

CREATE TABLE `product_images` (
  `id` int NOT NULL,
  `productid` int NOT NULL,
  `image` varchar(500) COLLATE utf8mb4_general_ci NOT NULL
) ENGINE=InnoDB DEFAULT CHARSET=utf8mb4 COLLATE=utf8mb4_general_ci;

--
-- Dumping data for table `product_images`
--

INSERT INTO `product_images` (`id`, `productid`, `image`) VALUES
(2, 2, '709d08ab-ce1d-4852-8fa8-fe329daf5343.jpg'),
(3, 2, 'a6644d8b-309b-4e9b-a859-31369c27bfe6.jpg'),
(4, 2, 'b599cd77-afeb-4b6f-a585-ef22c43e8762.jpg'),
(5, 2, '56c584a5-87e6-4bd6-8781-ca0f3432ea59.jpg'),
(6, 2, '079946db-0748-4a39-bc18-9fed4ff4cbb6.jpg'),
(7, 2, 'd4b5bdf1-6494-4edc-b5eb-52c479a020cd.jpg'),
(9, 3, '25ae906a-e0eb-46e9-aa5f-1c93427cb821.jpg'),
(10, 3, '5b85b6da-4922-4a48-a17e-034fdccb2647.jpg'),
(11, 3, '06eddf1c-94a7-4e98-81b0-d308b01cfb16.jpg'),
(12, 3, '803c20d2-e659-4653-9940-f4889803e96b.jpg'),
(13, 4, '4d00aa16-a763-44b7-a6e5-7bdf306b99eb.jpg'),
(14, 4, '3f8ea70a-eb52-4900-afb9-f2bd8049bd71.jpg'),
(15, 5, '927148a1-f7c2-4523-9d7b-ce7c653c0e0f.jpg'),
(16, 5, '52662d84-7c44-4f34-a1c2-2099e9a85539.jpg'),
(17, 5, '118790e4-ac1c-4723-b36c-b96ca4a0abf2.jpg'),
(18, 6, '4b881e57-564f-43af-a0cc-5bd9b5732aff.jpg'),
(19, 6, '2abaca47-8b9a-4f8b-ad79-57cd5ef6c675.jpg'),
(20, 6, 'abb18c11-9654-4579-9ec0-f458c07f9aec.jpg'),
(21, 6, '6670b5a9-c8ee-458d-b473-43e88d922762.jpg'),
(22, 6, 'd4f98c00-a015-423e-9ec6-494de167da72.jpg'),
(23, 6, 'ed376f65-aa23-4d63-83c3-5340021da820.jpg'),
(24, 6, '018efaa3-fdd3-4dc3-a6ec-7c7c0161336f.jpg'),
(25, 6, '2ea03ac0-05f4-41ee-8d23-02041f361190.jpg'),
(27, 8, '57958bcd-63bc-48d9-9e89-1dedd8ff7555.jpg'),
(28, 9, '259ae362-1a8d-402b-a603-9604bfb8ae73.jpg'),
(29, 9, '50139b3c-0687-44ec-ba0b-d6b3eb38d5fc.jpg'),
(30, 9, 'e81d63b9-9786-4105-ad55-90cb06cbe289.jpg'),
(31, 9, 'acf9cfc7-2c03-4206-a333-ef4c811cd5f1.jpg'),
(32, 9, '681885f7-ca30-498b-b6d9-793955749a53.jpg'),
(33, 10, '1e2cdb95-63ac-42c7-8fbb-96204d12e9f2.jpg'),
(34, 10, '2abf98cc-babf-4c2c-a77d-27514e9bdacb.jpg'),
(35, 10, 'f483c1e3-205d-48f8-9be6-acb5c68f0828.jpg'),
(36, 10, '7d9f4310-065f-43f7-95aa-fcd94c2c7540.jpg'),
(37, 10, '41034c7d-929c-4211-b526-0f49a6f20e84.jpg'),
(38, 11, '0e3d5d66-eec3-4e29-9a34-d328e8093292.jpg'),
(39, 11, '8f8d92d2-abb4-44b1-b0f2-665ddeeb89d6.jpg'),
(40, 11, 'c969ca94-6ec9-4d67-a261-baf6be97b807.jpg'),
(41, 11, '19fafbd3-a7bf-404c-a769-f928815c69e0.jpg'),
(42, 11, 'dc1a4567-79e9-4e20-9485-4c7261d4a351.jpg'),
(43, 11, '4f34b59a-ac86-47e1-a895-09b480d93819.jpg'),
(44, 11, '762f2401-915c-49c7-98ad-8dbf4fcc7f60.jpg'),
(45, 12, '4e0ceebb-8196-4907-a8bd-ff79d2fd61d4.jpg'),
(46, 12, '597c894a-99dd-4e37-8cf6-662681590bad.jpg'),
(47, 12, '79f44435-ba86-4b09-8212-9bca51e559aa.jpg'),
(48, 12, '18272390-603f-4663-bad8-b3d0d00a456c.jpg'),
(49, 12, 'a3348cfb-6ffa-4a39-892f-5c0cf83fb75a.jpg'),
(50, 13, 'c3b67419-73a0-435a-bd71-adb1e6c2dc99.jpg'),
(51, 13, '8c6944a8-eb12-48bf-b7ee-c60892433186.jpg'),
(52, 13, '4b576529-4ed4-4b9c-9f83-77671346f02a.jpg'),
(53, 13, '8fab2dfa-0348-4a02-8e41-62a8134c9ffe.jpg'),
(54, 13, 'fcc5933a-21e9-452f-83bb-5f7735aaca63.jpg'),
(55, 13, '35558ca7-49dc-4126-8aca-03e2e7b0e492.jpg'),
(56, 14, '983986ac-5a8c-4c9a-9e11-1ccb3d2bc132.jpg'),
(57, 14, 'fdabc072-55bf-4c08-a96b-e0ba26715224.jpg'),
(58, 14, '13fec4b0-6ff9-40a1-a3a1-dace1d94591b.jpg'),
(59, 14, '5eda7f06-bdfa-4c1f-b49e-0e8fc29e3a7d.jpg'),
(60, 14, 'c260eac9-5c73-4d51-86a1-b37f52fdd8ca.jpg'),
(61, 14, 'a111bf1c-897a-4fb4-ba13-ff2f3742820f.jpg'),
(62, 14, '5b6b69f6-e498-46b2-ae8b-f3df45bd4200.jpg'),
(63, 15, '6b0544f9-1b56-4a68-8903-26b63ce24504.jpg'),
(64, 15, '438baef2-e66d-49ac-91e1-256341d98a68.jpg'),
(65, 15, '68d06d42-e442-4525-ad9a-f9415818c3cd.jpg'),
(66, 16, '01d2f0f7-85bb-4353-a0b6-15b821239b97.jpg'),
(67, 16, '897c9876-a68d-4952-97f0-82f714d8dd07.jpg'),
(68, 16, '3a582913-c38f-46a2-9ea6-84790f72682f.jpg'),
(69, 16, 'cbf07226-45b8-4cc3-a71e-896ae2513d75.jpg'),
(70, 16, 'b78b9dee-0ea8-4695-a52d-ebde1e573aee.jpg'),
(71, 17, '4e55b6fe-c933-4727-aed7-5e3c1e0bf2fa.jpg'),
(72, 17, '30173790-2daa-4b15-9239-f604262178bf.jpg'),
(73, 17, 'f9e18c10-bec7-415a-9cc3-6e48dc550e96.jpg'),
(74, 17, '6e49dfa2-cad8-4953-b2c3-ce50f61cc108.jpg'),
(75, 17, '1e3c21b7-96af-4a79-83e7-162183b1b510.jpg'),
(76, 17, 'e4b48715-c239-4adc-a55a-749b5e0985b2.jpg'),
(77, 18, '2ac2443e-2bfa-4a65-9702-961c6438609c.jpg'),
(78, 18, '464d68b2-7f97-46e3-9b23-94cecd921d93.jpg'),
(79, 18, '8740a162-d5c1-4795-9ce0-a7137f59458c.jpg'),
(80, 18, '9ba72e97-f613-4c1b-8f30-30e36c63b5da.jpg'),
(81, 18, '55be8a95-2124-4887-b55e-080eac25b503.jpg'),
(82, 19, 'f160f201-fd9a-413e-aaa4-c806e71b33c7.jpg'),
(83, 19, 'c8ee2c87-15a8-4fee-9606-8b51db99d203.jpg'),
(84, 19, 'c1873e08-0993-4914-aae1-0b72f4a31901.jpg'),
(85, 19, '9c3aa88b-a140-455d-9e01-56340da5e4d4.jpg'),
(86, 19, '1e1b4fb3-10dc-4879-bf7a-a42592c22c2e.jpg'),
(87, 20, '132ef625-b3b6-4cae-80d2-34de6a8cf342.jpg'),
(88, 20, '4a32ad7c-dba3-4d22-9a02-96903d10f02c.jpg'),
(89, 21, '0adf6f04-cbbb-4d83-b2ca-cf297d232095.jpg'),
(90, 21, '27964d1e-e9a9-466d-8216-aac257f98703.jpg'),
(91, 21, '407fd6eb-ee65-4db0-9ad7-d4a0cb39a467.jpg'),
(92, 22, 'c105b0f6-77f8-4f04-9e90-bd39f9dad1ed.jpg'),
(93, 22, '6e3090c0-f016-4b35-8e7a-1c818b457a5f.jpg'),
(94, 22, 'b58a90ed-5acd-4c96-ab2e-c65313d1088a.jpg'),
(95, 22, 'cd7509d6-1508-477c-b68c-064ccbbbe9e3.jpg'),
(96, 22, '6efdc95b-0ae7-4bec-9e85-75e995862aad.jpg'),
(97, 22, 'e8bb6c0c-d15a-47b5-a7e0-7f04992399ef.jpg'),
(98, 23, 'bb7fc199-149e-4d78-b388-7fe36d2cf289.jpg'),
(99, 23, '2ad1dcea-6c2b-4b9c-9da7-2c22ddad9554.jpg'),
(100, 23, 'b0ede22a-3668-462b-80bb-85c1ded17f26.jpg'),
(101, 23, '2fa55933-95de-47e3-a735-cbff811f9428.jpg'),
(102, 23, '9cd5b35d-5e45-4fec-b034-1eae4d07aa11.jpg'),
(103, 23, 'f9b81285-65e7-436f-bf40-885051f9722c.jpg'),
(104, 24, 'e0a6821f-9c08-4aad-851b-aeb34b0c3cf3.jpg'),
(105, 24, 'fc042d89-0ea0-496d-8af9-80cfc8dc9ff2.jpg'),
(106, 24, '36398702-8f05-4734-a847-141aab27a5db.jpg'),
(107, 24, 'd66d2682-7020-42ea-92c6-1c49662b762f.jpg');

-- --------------------------------------------------------

--
-- Table structure for table `review`
--

CREATE TABLE `review` (
  `id` int NOT NULL,
  `productid` int NOT NULL,
  `name` varchar(255) COLLATE utf8mb4_general_ci NOT NULL,
  `content` text COLLATE utf8mb4_general_ci NOT NULL,
  `created_at` datetime NOT NULL DEFAULT CURRENT_TIMESTAMP
) ENGINE=InnoDB DEFAULT CHARSET=utf8mb4 COLLATE=utf8mb4_general_ci;

--
-- Dumping data for table `review`
--

INSERT INTO `review` (`id`, `productid`, `name`, `content`, `created_at`) VALUES
(1, 2, 'Donzaala', 'Some test review', '2025-03-12 01:18:56'),
(2, 2, 'Tommy', 'I’ve had airpods for several years now. I originally bought them when they first came out. I enjoyed them. I used them often, and they’ve always been great at the gym, on a walk, at work, or around the house with both of them in so I don’t hear my kids and husband every second.', '2025-03-12 01:46:50'),
(3, 2, 'Santos', 'I lost my first ones. I don’t know where they went. I got a second pair. They were still the older style ones. After a first pair of pros, and now I’m on the second which I just got a few weeks ago (the ones with the new case) these are my fourth pair. Clearly, I love them.', '2025-03-12 01:48:14'),
(4, 19, 'User23002', 'The device supports S Pen functionality, has a large battery with fast charging capabilities, and runs on Android with Samsung\'s One UI, incorporating advanced AI features for photography, communication, and productivity', '2025-03-12 02:01:02'),
(5, 9, 'RobotGuy', 'HP Pavilion laptops are designed for everyday computing, offering a balance of performance and affordability', '2025-03-12 02:03:43');

-- --------------------------------------------------------

--
-- Table structure for table `shipping`
--

CREATE TABLE `shipping` (
  `id` int NOT NULL,
  `userid` int DEFAULT NULL,
  `country` varchar(100) COLLATE utf8mb4_general_ci DEFAULT NULL,
  `region` varchar(100) COLLATE utf8mb4_general_ci DEFAULT NULL,
  `location` varchar(255) COLLATE utf8mb4_general_ci DEFAULT NULL,
  `address` varchar(255) COLLATE utf8mb4_general_ci DEFAULT NULL,
  `street` varchar(255) COLLATE utf8mb4_general_ci DEFAULT NULL,
  `landmark` varchar(255) COLLATE utf8mb4_general_ci DEFAULT NULL
) ENGINE=InnoDB DEFAULT CHARSET=utf8mb4 COLLATE=utf8mb4_general_ci;

--
-- Dumping data for table `shipping`
--

INSERT INTO `shipping` (`id`, `userid`, `country`, `region`, `location`, `address`, `street`, `landmark`) VALUES
(2, 1, 'Ghana', 'Upper West', 'Wa', 'HSE NO. 345, ST678', 'Airpot Road', 'At the back of Wa Sports Stadium'),
(3, 1, 'Ghana', 'Central', 'Cape Coast', 'HSE NO. 81', 'School Bus Road', 'Opposite Coconut Seller, Few meters away from Apewosika Park');

-- --------------------------------------------------------

--
-- Table structure for table `users`
--

CREATE TABLE `users` (
  `id` bigint NOT NULL,
  `address` varchar(255) COLLATE utf8mb4_general_ci DEFAULT NULL,
  `email` varchar(255) COLLATE utf8mb4_general_ci DEFAULT NULL,
  `firstname` varchar(255) COLLATE utf8mb4_general_ci DEFAULT NULL,
  `lastname` varchar(255) COLLATE utf8mb4_general_ci DEFAULT NULL,
  `middlename` varchar(255) COLLATE utf8mb4_general_ci DEFAULT NULL,
  `password` varchar(255) COLLATE utf8mb4_general_ci NOT NULL,
  `phone` varchar(255) COLLATE utf8mb4_general_ci DEFAULT NULL,
  `role` enum('ADMIN','USER') COLLATE utf8mb4_general_ci NOT NULL,
  `status` int DEFAULT NULL,
  `username` varchar(255) COLLATE utf8mb4_general_ci NOT NULL
) ENGINE=InnoDB DEFAULT CHARSET=utf8mb4 COLLATE=utf8mb4_general_ci;

--
-- Dumping data for table `users`
--

INSERT INTO `users` (`id`, `address`, `email`, `firstname`, `lastname`, `middlename`, `password`, `phone`, `role`, `status`, `username`) VALUES
(1, 'Cape Coast, Ghana', 'santos@gmail.com', 'Santos', 'Mensah', 'Kraldos', '$2a$10$FirZdomcO/9K5DNOhNsPkeYqTnUwgqCYBEl6v2nmp1b8.xYGEsbPy', '0248086525', 'USER', 1, 'santos');

--
-- Indexes for dumped tables
--

--
-- Indexes for table `brand`
--
ALTER TABLE `brand`
  ADD PRIMARY KEY (`id`);

--
-- Indexes for table `category`
--
ALTER TABLE `category`
  ADD PRIMARY KEY (`id`);

--
-- Indexes for table `orders`
--
ALTER TABLE `orders`
  ADD PRIMARY KEY (`id`);

--
-- Indexes for table `order_items`
--
ALTER TABLE `order_items`
  ADD PRIMARY KEY (`id`);

--
-- Indexes for table `products`
--
ALTER TABLE `products`
  ADD PRIMARY KEY (`id`);

--
-- Indexes for table `product_images`
--
ALTER TABLE `product_images`
  ADD PRIMARY KEY (`id`);

--
-- Indexes for table `review`
--
ALTER TABLE `review`
  ADD PRIMARY KEY (`id`);

--
-- Indexes for table `shipping`
--
ALTER TABLE `shipping`
  ADD PRIMARY KEY (`id`);

--
-- Indexes for table `users`
--
ALTER TABLE `users`
  ADD PRIMARY KEY (`id`),
  ADD UNIQUE KEY `UKr43af9ap4edm43mmtq01oddj6` (`username`);

--
-- AUTO_INCREMENT for dumped tables
--

--
-- AUTO_INCREMENT for table `brand`
--
ALTER TABLE `brand`
  MODIFY `id` int NOT NULL AUTO_INCREMENT, AUTO_INCREMENT=11;

--
-- AUTO_INCREMENT for table `category`
--
ALTER TABLE `category`
  MODIFY `id` int NOT NULL AUTO_INCREMENT, AUTO_INCREMENT=11;

--
-- AUTO_INCREMENT for table `orders`
--
ALTER TABLE `orders`
  MODIFY `id` int NOT NULL AUTO_INCREMENT, AUTO_INCREMENT=2;

--
-- AUTO_INCREMENT for table `order_items`
--
ALTER TABLE `order_items`
  MODIFY `id` int NOT NULL AUTO_INCREMENT, AUTO_INCREMENT=3;

--
-- AUTO_INCREMENT for table `products`
--
ALTER TABLE `products`
  MODIFY `id` int NOT NULL AUTO_INCREMENT, AUTO_INCREMENT=25;

--
-- AUTO_INCREMENT for table `product_images`
--
ALTER TABLE `product_images`
  MODIFY `id` int NOT NULL AUTO_INCREMENT, AUTO_INCREMENT=108;

--
-- AUTO_INCREMENT for table `review`
--
ALTER TABLE `review`
  MODIFY `id` int NOT NULL AUTO_INCREMENT, AUTO_INCREMENT=6;

--
-- AUTO_INCREMENT for table `shipping`
--
ALTER TABLE `shipping`
  MODIFY `id` int NOT NULL AUTO_INCREMENT, AUTO_INCREMENT=4;

--
-- AUTO_INCREMENT for table `users`
--
ALTER TABLE `users`
  MODIFY `id` bigint NOT NULL AUTO_INCREMENT, AUTO_INCREMENT=2;
COMMIT;

/*!40101 SET CHARACTER_SET_CLIENT=@OLD_CHARACTER_SET_CLIENT */;
/*!40101 SET CHARACTER_SET_RESULTS=@OLD_CHARACTER_SET_RESULTS */;
/*!40101 SET COLLATION_CONNECTION=@OLD_COLLATION_CONNECTION */;
